Systematic ID	Name	FYPOviability	DeletionLibrary_essentiality	time_points	Status	A	um	lam	t10	t50	t90	t_window	t_inflection	y_inflection	auc	AIC	BIC	R2	RMSE	normalized_RMSE	YES0	YES1	YES2	YES3	YES4	YES0_fitted	YES1_fitted	YES2_fitted	YES3_fitted	YES4_fitted	YES0_residual	YES1_residual	YES2_residual	YES3_residual	YES4_residual	One or multi basic phenotypes	Category	Category_with_essentiality	Verification result
SPAC16.05c	sfp1	viable	V	0.0,2.352,5.588,9.104,12.48	Success	2.848	0.358	-0.0	0.485	3.996	9.505	9.02	2.924	1.048	22.565	-11.438	-12.609	0.970015	0.175	0.063632	0.0	1.116	1.707	2.59	2.748	0.188	0.844	1.905	2.524	2.742	-0.188	0.272	-0.198	0.066	0.006	One phenotype	WT	WT	Not verified
SPAC821.10c	sod1	condition-dependent	V	0.0,2.352,5.588,9.104,12.48	Success	2.711	0.454	4.336	4.701	7.337	11.474	6.773	6.532	0.997	13.078	-15.892	-17.064	0.98782	0.112	0.045	0.0	0.23	0.526	2.065	2.489	0.0	0.003	0.583	1.988	2.536	0.0	0.227	-0.057	0.077	-0.047	One phenotype	WT	WT	Not verified
SPAC926.09c	fas1	viable	V	0.0,2.352,5.588,9.104,12.48	Success	6.984	1.17	0.601	0.966	3.602	7.739	6.773	2.797	2.569	58.857	-1.332	-2.504	0.969521	0.48	0.066264	0.0	1.857	5.871	5.825	7.249	0.196	2.052	5.275	6.599	6.899	-0.196	-0.195	0.596	-0.774	0.35	One phenotype	WT	WT	Not verified
SPBC1685.09	rps29	viable	V	0.0,2.352,5.588,9.104,12.48	Success	7.465	1.251	-0.0	0.364	3.001	7.138	6.773	2.196	2.746	67.15	12.04	10.869	0.572964	1.83	0.247867	0.0	6.948	5.393	7.326	7.381	0.493	2.941	6.03	7.15	7.396	-0.493	4.007	-0.637	0.176	-0.015	One phenotype	WT	WT	Not verified
SPBC16C6.03c	rsa1	viable	V	0.0,2.352,5.588,9.104,12.48	Success	2.563	0.429	4.304	4.669	7.305	11.442	6.773	6.5	0.943	12.441	-7.169	-8.341	0.925499	0.268	0.11836	0.0	0.332	0.338	2.264	2.157	0.0	0.003	0.563	1.888	2.4	0.0	0.329	-0.225	0.376	-0.243	One phenotype	WT	WT	Not verified
SPBC21C3.01c	vps1301	viable	V	0.0,2.352,5.588,9.104,12.48	Success	6.774	1.135	9.511	9.875	12.512	16.648	6.773	11.707	2.492	5.527	-18.052	-19.224	0.995297	0.09	0.026835	0.0	0.016	0.158	0.133	3.363	0.0	0.0	0.0	0.257	3.353	0.0	0.016	0.158	-0.124	0.01	One phenotype	WT	WT	Not verified
SPBC29B5.01	atf1	viable	V	0.0,2.352,5.588,9.104,12.48	Success	2.62	0.439	-0.0	0.364	3.001	7.138	6.773	2.196	0.964	23.571	-11.038	-12.209	0.963965	0.182	0.067531	0.0	1.341	1.967	2.419	2.695	0.173	1.032	2.117	2.51	2.596	-0.173	0.309	-0.15	-0.091	0.099	One phenotype	WT	WT	Not verified
SPBC30B4.04c	sol1	viable	V	0.0,2.352,5.588,9.104,12.48	Success	2.168	0.363	0.921	1.285	3.921	8.058	6.773	3.117	0.798	17.602	-20.619	-21.791	0.993292	0.07	0.031619	0.0	0.498	1.631	1.915	2.208	0.035	0.526	1.567	2.031	2.138	-0.035	-0.028	0.064	-0.116	0.07	One phenotype	WT	WT	Not verified
SPBC839.15c	tef103	viable	V	0.0,2.352,5.588,9.104,12.48	Success	3.067	0.374	1.507	2.008	5.632	11.318	9.31	4.526	1.128	19.685	-17.381	-18.553	0.992496	0.097	0.034753	0.0	0.456	1.405	2.613	2.777	0.035	0.393	1.518	2.463	2.855	-0.035	0.063	-0.113	0.15	-0.078	One phenotype	WT	WT	Not verified
SPCC24B10.21	tpi1	viable	V	0.0,2.352,5.588,9.104,12.48	Success	6.247	1.047	0.893	1.257	3.894	8.031	6.773	3.089	2.298	50.894	-3.715	-4.886	0.977055	0.379	0.0615	0.0	1.194	5.184	5.454	6.155	0.105	1.543	4.535	5.856	6.161	-0.105	-0.349	0.649	-0.402	-0.006	One phenotype	WT	WT	Not verified
SPCC297.03	ssp1	condition-dependent	V	0.0,2.352,5.588,9.104,12.48	Success	6.775	0.836	7.373	7.868	11.448	17.067	9.199	10.355	2.492	11.548	1.403	0.231	0.803888	0.631	0.150132	0.0	0.84	1.165	1.286	4.206	0.0	0.0	0.048	1.48	4.148	0.0	0.84	1.117	-0.194	0.058	One phenotype	WT	WT	Not verified
SPCC553.01c	dbl2	viable	V	0.0,2.352,5.588,9.104,12.48	Success	3.566	0.45	4.937	5.421	8.924	14.42	8.999	7.854	1.312	12.518	-22.005	-23.177	0.997151	0.061	0.020915	0.0	0.139	0.384	1.864	2.906	0.0	0.005	0.405	1.859	2.906	0.0	0.134	-0.021	0.005	0.0	One phenotype	WT	WT	Not verified
SPAC11E3.09	pyp3	viable	V	0.0,2.352,5.588,9.104,12.48	Success	2.894	0.485	9.119	9.483	12.12	16.257	6.773	11.315	1.065	2.958	-19.081	-20.253	0.981818	0.081	0.050605	0.0	0.109	0.145	0.172	1.609	0.0	0.0	0.0	0.188	1.607	0.0	0.109	0.145	-0.016	0.002	One phenotype	WT	WT	WT
SPAC11H11.04	mam2	viable	V	0.0,2.352,5.588,9.104,12.48	Success	2.433	0.408	9.511	9.875	12.512	16.648	6.773	11.707	0.895	1.985	-24.985	-26.157	0.991393	0.045	0.036981	0.0	-0.007	-0.0	-0.008	1.212	0.0	0.0	0.0	0.092	1.204	0.0	-0.007	-0.0	-0.1	0.008	One phenotype	WT	WT	WT
SPAC12B10.01c	hul6	viable	V	0.0,2.352,5.588,9.104,12.48	Success	3.089	0.518	8.653	9.018	11.654	15.791	6.773	10.849	1.136	4.003	-15.467	-16.639	0.972673	0.117	0.060803	0.0	0.191	0.178	0.326	1.922	0.0	0.0	0.0	0.338	1.919	0.0	0.191	0.178	-0.012	0.003	One phenotype	WT	WT	WT
SPAC1486.02c	dsc2	viable	V	0.0,2.352,5.588,9.104,12.48	Success	4.95	0.522	-0.0	0.579	4.768	11.342	10.763	3.489	1.821	35.501	-2.085	-3.256	0.924967	0.446	0.094815	0.0	2.095	2.503	3.945	4.699	0.327	1.239	2.862	4.053	4.588	-0.327	0.856	-0.359	-0.108	0.111	One phenotype	WT	WT	WT
SPAC15E1.10	fub1	viable	V	0.0,2.352,5.588,9.104,12.48	Success	2.974	0.431	8.501	8.922	11.972	16.757	7.835	11.041	1.094	3.667	-22.002	-23.173	0.990818	0.061	0.035997	0.0	0.055	0.124	0.334	1.689	0.0	0.0	0.001	0.349	1.686	0.0	0.055	0.123	-0.015	0.003	One phenotype	WT	WT	WT
SPAC1687.13c	csn5	viable	V	0.0,2.352,5.588,9.104,12.48	Success	3.275	0.549	9.511	9.875	12.512	16.648	6.773	11.707	1.205	2.672	-18.16	-19.332	0.980532	0.089	0.054337	0.0	0.145	0.02	-0.011	1.632	0.0	0.0	0.0	0.124	1.621	0.0	0.145	0.02	-0.135	0.011	One phenotype	WT	WT	WT
SPAC16E8.17c	sca1	viable	V	0.0,2.352,5.588,9.104,12.48	Success	3.403	0.57	1.249	1.614	4.25	8.387	6.773	3.445	1.252	26.546	8.147	6.975	0.416924	1.239	0.331235	0.0	0.085	3.282	0.644	3.742	0.028	0.657	2.335	3.154	3.348	-0.028	-0.572	0.947	-2.51	0.394	One phenotype	WT	WT	WT
SPAC17H9.03c	rdl1	viable	V	0.0,2.352,5.588,9.104,12.48	Success	2.152	0.361	8.619	8.983	11.62	15.757	6.773	10.815	0.792	2.835	-12.187	-13.359	0.906733	0.162	0.10659	0.0	-0.172	0.319	0.227	1.35	0.0	0.0	0.0	0.243	1.347	0.0	-0.172	0.319	-0.016	0.003	One phenotype	WT	WT	WT
SPAC19A8.03	ymr1	viable	V	0.0,2.352,5.588,9.104,12.48	Success	11.487	1.924	9.511	9.875	12.512	16.648	6.773	11.707	4.226	9.372	-8.655	-9.827	0.988993	0.231	0.04052	0.0	0.115	0.47	0.256	5.7	0.0	0.0	0.0	0.436	5.686	0.0	0.115	0.47	-0.18	0.014	One phenotype	WT	WT	WT
SPAC1A6.06c	meu31	viable	V	0.0,2.352,5.588,9.104,12.48	Success	2.992	0.501	-0.0	0.364	3.001	7.138	6.773	2.196	1.101	26.913	15.769	14.597	-0.257246	2.656	0.460492	0.0	5.768	5.075	2.659	0.306	0.197	1.179	2.417	2.866	2.964	-0.197	4.589	2.658	-0.207	-2.658	One phenotype	WT	WT	WT
SPAC227.13c	isu1	viable	V	0.0,2.352,5.588,9.104,12.48	Success	5.77	0.967	-0.0	0.364	3.001	7.138	6.773	2.196	2.122	51.9	-7.678	-8.85	0.98595	0.255	0.046244	0.0	2.471	4.933	5.507	5.46	0.381	2.273	4.661	5.526	5.716	-0.381	0.198	0.272	-0.019	-0.256	One phenotype	WT	WT	WT
SPAC328.01c	msn5	viable	V	0.0,2.352,5.588,9.104,12.48	Success	4.174	0.699	4.923	5.287	7.923	12.06	6.773	7.119	1.536	17.87	-0.964	-2.135	0.912434	0.498	0.137187	0.0	0.153	-0.079	3.554	3.36	0.0	0.001	0.561	2.784	3.826	0.0	0.152	-0.64	0.77	-0.466	One phenotype	WT	WT	WT
SPAC4A8.04	isp6	viable	V	0.0,2.352,5.588,9.104,12.48	Success	4.174	0.699	-0.0	0.364	3.001	7.138	6.773	2.196	1.535	37.544	1.893	0.721	0.793021	0.663	0.160853	0.0	3.025	3.463	3.541	4.123	0.275	1.644	3.372	3.998	4.135	-0.275	1.381	0.091	-0.457	-0.012	One phenotype	WT	WT	WT
SPAC4C5.03	SPAC4C5.03	viable	V	0.0,2.352,5.588,9.104,12.48	Success	3.303	0.453	8.181	8.627	11.85	16.909	8.282	10.866	1.215	4.48	-8.138	-9.309	0.866125	0.243	0.127075	0.0	0.446	0.313	0.458	1.914	0.0	0.0	0.003	0.48	1.909	0.0	0.446	0.31	-0.022	0.005	One phenotype	WT	WT	WT
SPAC7D4.06c	alg3	viable	V	0.0,2.352,5.588,9.104,12.48	Success	2.755	0.462	5.259	5.623	8.26	12.397	6.773	7.455	1.014	10.952	-26.221	-27.393	0.998529	0.04	0.015471	0.0	-0.088	0.252	1.721	2.489	0.0	0.0	0.265	1.719	2.49	0.0	-0.088	-0.013	0.002	-0.001	One phenotype	WT	WT	WT
SPAC890.06	nup155	condition-dependent	V	0.0,2.352,5.588,9.104,12.48	Success	6.165	1.033	0.133	0.497	3.134	7.27	6.773	2.329	2.268	54.695	-6.381	-7.553	0.984743	0.29	0.047067	0.0	2.284	5.317	5.519	6.16	0.343	2.292	4.914	5.889	6.105	-0.343	-0.008	0.403	-0.37	0.055	One phenotype	WT	WT	WT
SPAC977.03	SPAC977.03	viable	V	0.0,2.352,5.588,9.104,12.48	Success	2.667	0.447	0.443	0.807	3.443	7.58	6.773	2.639	0.981	22.88	11.405	10.234	0.240497	1.717	0.342769	0.0	0.454	5.009	0.134	2.95	0.096	0.853	2.054	2.53	2.637	-0.096	-0.399	2.955	-2.396	0.313	One phenotype	WT	WT	WT
SPAC9G1.08c	phi1	viable	V	0.0,2.352,5.588,9.104,12.48	Success	5.422	0.68	2.949	3.436	6.957	12.482	9.047	5.882	1.995	28.228	-32.577	-33.748	0.999884	0.021	0.004318	0.0	0.157	1.813	3.864	4.89	0.003	0.194	1.795	3.885	4.879	-0.003	-0.037	0.018	-0.021	0.011	One phenotype	WT	WT	WT
SPBC1683.07	mal1	viable	V	0.0,2.352,5.588,9.104,12.48	Success	3.135	0.525	9.511	9.875	12.512	16.648	6.773	11.707	1.153	2.557	-15.737	-16.908	0.961923	0.114	0.073158	0.0	0.16	0.193	0.076	1.555	0.0	0.0	0.0	0.119	1.552	0.0	0.16	0.193	-0.043	0.003	One phenotype	WT	WT	WT
SPBC1711.06	rpl401	viable	V	0.0,2.352,5.588,9.104,12.48	Success	8.051	0.536	0.472	1.389	8.017	18.418	17.029	5.993	2.962	38.696	8.801	7.629	0.625906	1.323	0.198535	0.0	2.591	2.422	2.133	6.665	0.417	1.164	2.745	4.557	5.912	-0.417	1.427	-0.323	-2.424	0.753	One phenotype	WT	WT	WT
SPBC216.02	num1	viable	V	0.0,2.352,5.588,9.104,12.48	Success	12.48	2.091	9.273	9.637	12.274	16.411	6.773	11.469	4.591	11.706	-7.825	-8.996	0.991473	0.251	0.03654	0.0	0.135	-0.0	0.168	6.868	0.0	0.0	0.0	0.663	6.64	0.0	0.135	-0.0	-0.495	0.228	One phenotype	WT	WT	WT
SPBC21B10.10	rps402	viable	V	0.0,2.352,5.588,9.104,12.48	Success	6.629	0.639	5.101	5.735	10.319	17.512	11.777	8.919	2.439	18.056	-5.382	-6.554	0.962878	0.32	0.068914	0.0	0.541	0.876	2.179	4.649	0.0	0.025	0.606	2.557	4.473	0.0	0.516	0.27	-0.378	0.176	One phenotype	WT	WT	WT
SPBC23G7.16	ctr6	viable	V	0.0,2.352,5.588,9.104,12.48	Success	3.011	0.504	1.025	1.39	4.026	8.163	6.773	3.221	1.108	24.141	-6.084	-7.256	0.942863	0.299	0.102182	0.0	0.362	2.66	2.542	2.923	0.039	0.682	2.142	2.811	2.967	-0.039	-0.32	0.518	-0.269	-0.044	One phenotype	WT	WT	WT
SPBC24C6.05	sec28	viable	V	0.0,2.352,5.588,9.104,12.48	Success	2.49	0.417	3.232	3.596	6.233	10.37	6.773	5.428	0.916	14.62	-4.296	-5.468	0.879755	0.357	0.134016	0.0	0.237	0.728	2.665	1.974	0.0	0.043	0.983	2.064	2.391	0.0	0.194	-0.255	0.601	-0.417	One phenotype	WT	WT	WT
SPBC29A10.10c	dbl8	viable	V	0.0,2.352,5.588,9.104,12.48	Success	3.427	0.574	9.088	9.453	12.089	16.226	6.773	11.284	1.261	3.56	-23.488	-24.66	0.99492	0.052	0.027292	0.0	0.11	0.038	0.217	1.92	0.0	0.0	0.0	0.231	1.918	0.0	0.11	0.038	-0.014	0.002	One phenotype	WT	WT	WT
SPBC29A10.14	rec8	viable	V	0.0,2.352,5.588,9.104,12.48	Success	3.248	0.544	1.644	2.008	4.645	8.782	6.773	3.84	1.195	24.078	-5.744	-6.916	0.950674	0.309	0.103692	0.0	-0.013	2.523	2.967	2.954	0.01	0.453	2.068	2.965	3.185	-0.01	-0.466	0.455	0.002	-0.231	One phenotype	WT	WT	WT
SPBC354.10	def1	viable	V	0.0,2.352,5.588,9.104,12.48	Success	3.312	0.396	7.113	7.623	11.319	17.118	9.494	10.191	1.219	6.024	-8.452	-9.624	0.896863	0.236	0.112184	0.0	0.267	0.472	0.669	2.101	0.0	0.0	0.038	0.798	2.059	0.0	0.267	0.434	-0.129	0.042	One phenotype	WT	WT	WT
SPBC3E7.10	fma1	viable	V	0.0,2.352,5.588,9.104,12.48	Success	2.737	0.379	8.263	8.704	11.891	16.893	8.189	10.918	1.007	3.618	-9.925	-11.097	0.862727	0.203	0.129073	0.0	0.245	0.384	0.353	1.576	0.0	0.0	0.002	0.378	1.571	0.0	0.245	0.382	-0.025	0.005	One phenotype	WT	WT	WT
SPBC4F6.10	vps901	viable	V	0.0,2.352,5.588,9.104,12.48	Success	2.158	0.362	5.105	5.47	8.106	12.243	6.773	7.301	0.794	8.879	-24.667	-25.839	0.996743	0.047	0.02417	0.0	0.003	0.17	1.454	1.927	0.0	0.0	0.244	1.39	1.963	0.0	0.003	-0.074	0.064	-0.036	One phenotype	WT	WT	WT
SPBP16F5.08c	fmo1	viable	V	0.0,2.352,5.588,9.104,12.48	Success	4.444	0.745	9.511	9.875	12.512	16.648	6.773	11.707	1.635	3.626	-19.65	-20.822	0.992168	0.077	0.034788	0.0	0.036	0.093	0.029	2.211	0.0	0.0	0.0	0.169	2.2	0.0	0.036	0.093	-0.14	0.011	One phenotype	WT	WT	WT
SPCC1020.01c	pma2	viable	V	0.0,2.352,5.588,9.104,12.48	Success	3.361	0.563	-0.0	0.364	3.001	7.138	6.773	2.196	1.236	30.233	2.984	1.813	0.624064	0.74	0.211152	0.0	2.509	3.503	2.954	2.561	0.222	1.324	2.715	3.219	3.33	-0.222	1.185	0.788	-0.265	-0.769	One phenotype	WT	WT	WT
SPCC1620.14c	snf22	viable	V	0.0,2.352,5.588,9.104,12.48	Success	2.387	0.4	0.914	1.279	3.915	8.052	6.773	3.11	0.878	19.395	-8.344	-9.516	0.940148	0.238	0.093361	0.0	0.454	2.003	1.848	2.552	0.039	0.581	1.727	2.236	2.354	-0.039	-0.127	0.276	-0.388	0.198	One phenotype	WT	WT	WT
SPCC1906.02c	rqt3	viable	V	0.0,2.352,5.588,9.104,12.48	Success	2.471	0.368	8.459	8.869	11.838	16.496	7.627	10.931	0.909	3.176	-12.041	-13.212	0.896329	0.165	0.113457	0.0	0.224	0.292	0.287	1.451	0.0	0.0	0.0	0.304	1.448	0.0	0.224	0.292	-0.017	0.003	One phenotype	WT	WT	WT
SPCC1919.12c	erm2	viable	V	0.0,2.352,5.588,9.104,12.48	Success	2.274	0.381	9.511	9.875	12.512	16.648	6.773	11.707	0.837	1.855	-15.469	-16.641	0.942296	0.117	0.089125	0.0	-0.06	-0.025	-0.166	1.145	0.0	0.0	0.0	0.086	1.126	0.0	-0.06	-0.025	-0.252	0.019	One phenotype	WT	WT	WT
SPCC24B10.18	SPCC24B10.18	viable	V	0.0,2.352,5.588,9.104,12.48	Success	3.653	0.505	8.243	8.685	11.881	16.897	8.212	10.905	1.344	4.859	-8.948	-10.12	0.908868	0.224	0.106548	0.0	0.272	0.423	0.488	2.105	0.0	0.0	0.002	0.511	2.1	0.0	0.272	0.421	-0.023	0.005	One phenotype	WT	WT	WT
SPCC4G3.12c	SPCC4G3.12c	viable	V	0.0,2.352,5.588,9.104,12.48	Success	2.295	0.384	0.458	0.822	3.459	7.596	6.773	2.654	0.844	19.653	-2.009	-3.181	0.804597	0.449	0.173396	0.0	0.348	2.589	1.779	2.133	0.081	0.728	1.764	2.176	2.269	-0.081	-0.38	0.825	-0.397	-0.136	One phenotype	WT	WT	WT
SPCC594.02c	SPCC594.02c	viable	V	0.0,2.352,5.588,9.104,12.48	Success	2.127	0.356	-0.0	0.364	3.001	7.138	6.773	2.196	0.783	19.135	-9.933	-11.104	0.93556	0.203	0.098145	0.0	0.904	2.071	1.812	2.022	0.14	0.838	1.718	2.038	2.108	-0.14	0.066	0.353	-0.226	-0.086	One phenotype	WT	WT	WT
SPCC594.04c	SPCC594.04c	viable	V	0.0,2.352,5.588,9.104,12.48	Success	6.028	0.447	1.469	2.292	8.246	17.588	15.296	6.428	2.218	27.267	-9.381	-10.552	0.983725	0.215	0.046613	0.0	0.506	2.145	3.068	4.608	0.156	0.62	1.844	3.365	4.488	-0.156	-0.114	0.301	-0.297	0.12	One phenotype	WT	WT	WT
SPCC613.11c	meu23	viable	V	0.0,2.352,5.588,9.104,12.48	Success	2.307	0.386	0.249	0.613	3.25	7.387	6.773	2.445	0.849	20.213	-12.29	-13.462	0.968097	0.161	0.07292	0.0	0.714	2.111	2.081	2.202	0.11	0.813	1.816	2.198	2.283	-0.11	-0.099	0.295	-0.117	-0.081	One phenotype	WT	WT	WT
SPCC645.07	rgf1	viable	V	0.0,2.352,5.588,9.104,12.48	Success	6.565	0.468	1.22	2.078	8.279	18.009	15.932	6.386	2.415	29.855	-14.896	-16.068	0.995112	0.124	0.025324	0.0	0.818	2.126	3.509	4.886	0.21	0.74	2.044	3.636	4.828	-0.21	0.078	0.082	-0.127	0.058	One phenotype	WT	WT	WT
SPCC965.05c	thp1	viable	V	0.0,2.352,5.588,9.104,12.48	Success	2.568	0.43	9.511	9.875	12.512	16.648	6.773	11.707	0.945	2.096	-18.737	-19.908	0.972801	0.084	0.060543	0.0	0.136	-0.116	0.038	1.276	0.0	0.0	0.0	0.097	1.271	0.0	0.136	-0.116	-0.059	0.005	One phenotype	WT	WT	WT
SPAC11G7.02	pub1	viable	V	0.0,2.352,5.588,9.104,12.48	Success	4.531	0.697	0.228	0.624	3.493	7.995	7.371	2.617	1.667	38.467	4.371	3.2	0.770876	0.85	0.164639	0.0	1.517	3.722	2.521	5.161	0.228	1.482	3.395	4.24	4.458	-0.228	0.035	0.327	-1.719	0.703	One phenotype	WT	WT	small colonies
SPAC13G6.07c	rps601	viable	V	0.0,2.352,5.588,9.104,12.48	Success	3.694	0.365	-0.0	0.618	5.084	12.094	11.476	3.721	1.359	25.443	-5.462	-6.634	0.927731	0.318	0.09055	0.0	1.461	1.901	2.671	3.51	0.244	0.871	2.017	2.92	3.36	-0.244	0.59	-0.116	-0.249	0.15	One phenotype	WT	WT	small colonies
SPAC144.11	rps1102	viable	V	0.0,2.352,5.588,9.104,12.48	Success	2.166	0.363	1.245	1.61	4.246	8.383	6.773	3.441	0.797	16.905	-11.629	-12.801	0.961936	0.172	0.073912	0.0	0.352	1.63	1.715	2.321	0.018	0.419	1.487	2.008	2.131	-0.018	-0.067	0.143	-0.293	0.19	One phenotype	WT	WT	small colonies
SPAC1556.05c	cgr1	viable	V	0.0,2.352,5.588,9.104,12.48	Success	4.917	0.571	0.448	0.973	4.778	10.747	9.774	3.616	1.809	35.354	-12.353	-13.524	0.991639	0.16	0.033481	0.0	1.195	2.948	3.899	4.766	0.215	1.108	2.875	4.12	4.626	-0.215	0.087	0.073	-0.221	0.14	Multi phenotypes	WT	WT	small colonies
SPAC1783.08c	rpl1502	viable	V	0.0,2.352,5.588,9.104,12.48	Success	4.66	0.781	1.603	1.968	4.604	8.741	6.773	3.799	1.714	34.739	0.869	-0.303	0.907918	0.599	0.112803	0.0	0.591	2.837	5.307	3.754	0.017	0.674	2.993	4.262	4.572	-0.017	-0.083	-0.156	1.045	-0.818	One phenotype	WT	WT	small colonies
SPAC17A5.14	exo2	viable	V	0.0,2.352,5.588,9.104,12.48	Success	6.053	0.437	1.613	2.459	8.584	18.194	15.735	6.714	2.227	26.137	-11.121	-12.292	0.987798	0.18	0.040011	0.0	0.543	1.956	2.959	4.511	0.145	0.576	1.739	3.237	4.382	-0.145	-0.033	0.217	-0.278	0.129	One phenotype	WT	WT	small colonies
SPAC17C9.05c	pmc3	viable	V	0.0,2.352,5.588,9.104,12.48	Success	9.083	1.522	9.511	9.875	12.512	16.648	6.773	11.707	3.342	7.411	-24.306	-25.478	0.999249	0.048	0.010716	0.0	0.105	-0.008	0.321	4.498	0.0	0.0	0.0	0.345	4.496	0.0	0.105	-0.008	-0.024	0.002	One phenotype	WT	WT	small colonies
SPAC17H9.13c	pro2	viable	V	0.0,2.352,5.588,9.104,12.48	Success	2.665	0.447	8.905	9.27	11.906	16.043	6.773	11.101	0.981	3.049	-12.031	-13.203	0.915366	0.165	0.105296	0.0	0.157	0.333	0.207	1.565	0.0	0.0	0.0	0.223	1.563	0.0	0.157	0.333	-0.016	0.002	One phenotype	WT	WT	small colonies
SPAC1805.11c	rps2602	viable	V	0.0,2.352,5.588,9.104,12.48	Success	7.233	1.212	0.971	1.336	3.972	8.109	6.773	3.167	2.661	58.373	4.755	3.583	0.916331	0.883	0.118656	0.0	1.178	6.799	5.801	7.441	0.105	1.698	5.189	6.764	7.13	-0.105	-0.52	1.61	-0.963	0.311	One phenotype	WT	WT	small colonies
SPAC1F3.07c	rsc58	viable	V	0.0,2.352,5.588,9.104,12.48	Success	2.893	0.485	4.244	4.609	7.245	11.382	6.773	6.44	1.064	14.208	-14.448	-15.62	0.985779	0.129	0.048794	0.0	0.26	0.594	2.249	2.652	0.0	0.005	0.663	2.149	2.714	0.0	0.255	-0.069	0.1	-0.062	One phenotype	WT	WT	small colonies
SPAC1F3.10c	oct1	viable	V	0.0,2.352,5.588,9.104,12.48	Success	5.301	0.827	4.867	5.258	8.089	12.53	7.272	7.224	1.95	21.957	-15.504	-16.676	0.996248	0.116	0.024467	0.0	0.262	0.704	3.383	4.759	0.0	0.002	0.716	3.378	4.76	0.0	0.26	-0.012	0.005	-0.001		WT	WT	small colonies
SPAC20G8.07c	erg2	viable	V	0.0,2.352,5.588,9.104,12.48	Success	5.14	0.697	1.57	2.02	5.277	10.388	8.367	4.283	1.891	34.736	-31.72	-32.892	0.999859	0.023	0.004685	0.0	0.664	2.783	4.316	4.911	0.04	0.67	2.77	4.34	4.896	-0.04	-0.006	0.013	-0.024	0.015	One phenotype	WT	WT	small colonies
SPAC20H4.07	rad57	viable	V	0.0,2.352,5.588,9.104,12.48	Success	4.476	0.362	2.379	3.134	8.595	17.165	14.031	6.928	1.647	18.652	-32.587	-33.758	0.999721	0.021	0.006318	0.0	0.294	1.169	2.399	3.339	0.046	0.291	1.169	2.408	3.332	-0.046	0.003	0.0	-0.009	0.007	One phenotype	WT	WT	small colonies
SPAC227.01c	erd1	viable	V	0.0,2.352,5.588,9.104,12.48	Success	5.019	0.475	3.502	4.147	8.81	16.126	11.98	7.386	1.846	19.23	-22.167	-23.338	0.998423	0.06	0.015517	0.0	0.023	1.086	2.592	3.854	0.006	0.13	1.025	2.64	3.834	-0.006	-0.107	0.061	-0.048	0.02		WT	WT	small colonies
SPAC227.13c	isu1	viable	V	0.0,2.352,5.588,9.104,12.48	Success	5.77	0.967	-0.0	0.364	3.001	7.138	6.773	2.196	2.122	51.9	-7.678	-8.85	0.98595	0.255	0.046244	0.0	2.471	4.933	5.507	5.46	0.381	2.273	4.661	5.526	5.716	-0.381	0.198	0.272	-0.019	-0.256	One phenotype	WT	WT	small colonies
SPAC22H12.04c	rps102	viable	V	0.0,2.352,5.588,9.104,12.48	Success	6.613	0.807	0.045	0.545	4.163	9.841	9.296	3.059	2.433	51.315	-5.842	-7.014	0.983171	0.306	0.046325	0.0	2.153	4.3	5.413	6.605	0.419	1.868	4.293	5.781	6.329	-0.419	0.285	0.007	-0.368	0.276	One phenotype	WT	WT	small colonies
SPAC23H3.03c	npr2	viable	V	0.0,2.352,5.588,9.104,12.48	Success	6.946	0.606	4.027	4.726	9.785	17.722	12.995	8.24	2.555	22.348	-16.487	-17.658	0.996701	0.106	0.021556	0.0	0.296	1.089	2.939	4.896	0.006	0.122	1.063	3.076	4.819	-0.006	0.174	0.026	-0.137	0.077	One phenotype	WT	WT	small colonies
SPAC23H3.09c	gly1	viable	V	0.0,2.352,5.588,9.104,12.48	Success	5.634	0.609	0.319	0.883	4.967	11.375	10.492	3.72	2.073	39.469	-3.427	-4.598	0.961423	0.39	0.069782	0.0	1.287	3.52	3.941	5.583	0.285	1.263	3.163	4.588	5.221	-0.285	0.024	0.357	-0.647	0.362	One phenotype	WT	WT	small colonies
SPAC27E2.03c	ola1	viable	V	0.0,2.352,5.588,9.104,12.48	Success	3.039	0.361	-0.0	0.514	4.229	10.058	9.545	3.094	1.118	23.367	-0.427	-1.599	0.797571	0.526	0.153669	0.0	1.258	1.316	3.422	2.495	0.201	0.853	1.944	2.633	2.896	-0.201	0.405	-0.628	0.789	-0.401	One phenotype	WT	WT	small colonies
SPAC29A4.16	hal4	condition-dependent	V	0.0,2.352,5.588,9.104,12.48	Success	2.586	0.433	-0.0	0.364	3.001	7.138	6.773	2.196	0.951	23.262	-3.12	-4.292	0.853643	0.402	0.140998	0.0	0.964	2.577	1.803	2.849	0.171	1.019	2.089	2.477	2.562	-0.171	-0.055	0.488	-0.674	0.287	One phenotype	WT	WT	small colonies
SPAC2G11.06	vps4	viable	V	0.0,2.352,5.588,9.104,12.48	Success	5.431	0.398	1.843	2.676	8.699	18.149	15.473	6.86	1.998	22.897	-10.42	-11.592	0.982946	0.194	0.048026	0.0	0.334	1.769	2.597	4.031	0.107	0.466	1.497	2.866	3.92	-0.107	-0.132	0.272	-0.269	0.111	One phenotype	WT	WT	small colonies
SPAC2G11.12	rqh1	viable	V	0.0,2.352,5.588,9.104,12.48	Success	2.704	0.423	2.76	3.15	5.973	10.402	7.252	5.111	0.995	16.532	-25.029	-26.201	0.998204	0.045	0.017615	0.0	0.149	1.149	2.32	2.55	0.0	0.107	1.195	2.252	2.589	0.0	0.042	-0.046	0.068	-0.039	One phenotype	WT	WT	small colonies
SPAC30C2.04	asc1	viable	V	0.0,2.352,5.588,9.104,12.48	Success	2.789	0.418	3.758	4.165	7.11	11.732	7.567	6.211	1.026	14.058	-23.457	-24.628	0.997444	0.053	0.020494	0.0	0.128	0.732	2.084	2.565	0.0	0.022	0.769	2.051	2.581	0.0	0.106	-0.037	0.033	-0.016	One phenotype	WT	WT	small colonies
SPAC323.05c	mtq2	viable	V	0.0,2.352,5.588,9.104,12.48	Success	4.795	0.381	2.882	3.652	9.215	17.946	14.294	7.517	1.764	17.957	-20.557	-21.729	0.997055	0.07	0.020227	0.0	0.241	1.108	2.232	3.473	0.03	0.228	1.053	2.357	3.404	-0.03	0.013	0.055	-0.125	0.069		WT	WT	small colonies
SPAC328.10c	rps502	viable	V	0.0,2.352,5.588,9.104,12.48	Success	3.076	0.515	0.934	1.299	3.935	8.072	6.773	3.13	1.131	24.933	-27.413	-28.585	0.999133	0.035	0.011825	0.0	0.741	2.211	2.928	2.993	0.048	0.739	2.219	2.88	3.032	-0.048	0.002	-0.008	0.048	-0.039	One phenotype	WT	WT	small colonies
SPAC3A12.10	rpl2001	viable	V	0.0,2.352,5.588,9.104,12.48	Success	9.376	0.861	1.123	1.787	6.594	14.137	12.349	5.126	3.449	52.799	3.884	2.713	0.929875	0.809	0.106967	0.0	1.985	2.61	7.467	7.566	0.257	1.269	3.846	6.474	7.995	-0.257	0.716	-1.236	0.993	-0.429	One phenotype	WT	WT	small colonies
SPAC3F10.17	ltv1	viable	V	0.0,2.352,5.588,9.104,12.48	Success	6.633	0.825	0.157	0.647	4.197	9.766	9.118	3.113	2.44	51.325	-8.57	-9.742	0.990379	0.233	0.036271	0.0	2.125	4.125	5.806	6.422	0.377	1.819	4.302	5.814	6.36	-0.377	0.306	-0.177	-0.008	0.062	One phenotype	WT	WT	small colonies
SPAC4A8.03c	ptc4	condition-dependent	V	0.0,2.352,5.588,9.104,12.48	Success	5.241	0.79	8.732	9.137	12.068	16.668	7.53	11.174	1.928	5.985	-5.918	-7.09	0.919793	0.304	0.103997	0.0	0.084	0.674	0.497	2.92	0.0	0.0	0.0	0.508	2.918	0.0	0.084	0.674	-0.011	0.002	One phenotype	WT	WT	small colonies
SPAC4F10.06	bud22	viable	V	0.0,2.352,5.588,9.104,12.48	Success	6.146	0.646	0.333	0.913	5.114	11.706	10.793	3.832	2.261	42.235	-7.391	-8.563	0.984565	0.262	0.044609	0.0	1.456	3.527	4.534	5.875	0.309	1.336	3.355	4.925	5.649	-0.309	0.12	0.172	-0.391	0.226	One phenotype	WT	WT	small colonies
SPAC607.02c	SPAC607.02c	viable	V	0.0,2.352,5.588,9.104,12.48	Success	4.709	0.443	-0.0	0.649	5.347	12.719	12.07	3.913	1.732	31.366	-7.977	-9.149	0.973266	0.247	0.058073	0.0	1.48	2.28	3.58	4.256	0.311	1.061	2.454	3.611	4.21	-0.311	0.419	-0.174	-0.031	0.046	One phenotype	WT	WT	small colonies
SPAC630.13c	tsc2	viable	V	0.0,2.352,5.588,9.104,12.48	Success	5.187	0.601	6.843	7.37	11.185	17.171	9.801	10.02	1.908	10.052	-8.933	-10.105	0.96525	0.225	0.067558	0.0	0.241	0.5	1.209	3.325	0.0	0.0	0.092	1.366	3.271	0.0	0.241	0.408	-0.157	0.054	One phenotype	WT	WT	small colonies
SPAC637.06	gmh5	viable	V	0.0,2.352,5.588,9.104,12.48	Success	4.217	0.398	4.878	5.525	10.208	17.555	12.031	8.778	1.552	11.919	-18.564	-19.736	0.993856	0.086	0.029343	0.0	0.146	0.504	1.563	2.922	0.0	0.023	0.438	1.681	2.864	0.0	0.123	0.066	-0.118	0.058	One phenotype	WT	WT	small colonies
SPAC644.14c	rad51	viable	V	0.0,2.352,5.588,9.104,12.48	Success	7.032	0.532	2.272	3.079	8.912	18.065	14.987	7.131	2.587	28.289	-5.81	-6.981	0.97288	0.307	0.058406	0.0	1.026	1.524	3.369	5.256	0.092	0.485	1.78	3.612	5.042	-0.092	0.541	-0.256	-0.243	0.214	One phenotype	WT	WT	small colonies
SPAC664.02c	arp8	viable	V	0.0,2.352,5.588,9.104,12.48	Success	4.26	0.501	5.691	6.21	9.966	15.86	9.649	8.82	1.567	11.738	-24.182	-25.354	0.998381	0.049	0.015639	0.0	0.11	0.243	1.708	3.126	0.0	0.002	0.257	1.71	3.124	0.0	0.108	-0.014	-0.002	0.002	One phenotype	WT	WT	small colonies
SPAC6B12.02c	mus7	viable	V	0.0,2.352,5.588,9.104,12.48	Success	4.775	0.356	2.054	2.874	8.803	18.108	15.235	6.993	1.756	19.678	-11.926	-13.098	0.983189	0.167	0.046154	0.0	0.476	1.342	2.195	3.608	0.078	0.369	1.264	2.487	3.435	-0.078	0.107	0.078	-0.292	0.173	One phenotype	WT	WT	small colonies
SPAC8C9.08	rps5	viable	V	0.0,2.352,5.588,9.104,12.48	Success	5.429	0.636	0.755	1.276	5.05	10.97	9.694	3.898	1.997	37.716	-5.395	-6.566	0.972958	0.32	0.06454	0.0	1.308	2.652	4.958	4.849	0.171	1.058	3.028	4.486	5.087	-0.171	0.25	-0.376	0.472	-0.238	One phenotype	WT	WT	small colonies
SPAC959.08	rpl2102	viable	V	0.0,2.352,5.588,9.104,12.48	Success	4.846	0.418	0.508	1.216	6.34	14.381	13.165	4.776	1.783	28.411	-11.396	-12.567	0.986578	0.176	0.041464	0.0	0.9	2.267	3.125	4.235	0.227	0.83	2.12	3.371	4.111	-0.227	0.07	0.147	-0.246	0.124	One phenotype	WT	WT	small colonies
SPAC9G1.07	SPAC9G1.07	viable	V	0.0,2.352,5.588,9.104,12.48	Success	2.352	0.392	8.24	8.606	11.256	15.413	6.807	10.447	0.865	3.664	-15.877	-17.048	0.962787	0.112	0.070864	0.0	0.244	0.057	0.362	1.583	0.0	0.0	0.0	0.374	1.58	0.0	0.244	0.057	-0.012	0.003	One phenotype	WT	WT	small colonies
SPAP27G11.16	SPAP27G11.16	viable	V	0.0,2.352,5.588,9.104,12.48	Success	2.581	0.432	9.443	9.807	12.444	16.581	6.773	11.639	0.95	2.193	-14.267	-15.439	0.924493	0.132	0.100815	0.0	0.202	0.213	0.083	1.307	0.0	0.0	0.0	0.108	1.305	0.0	0.202	0.213	-0.025	0.002	One phenotype	WT	WT	small colonies
SPAPB1E7.12	rps602	viable	V	0.0,2.352,5.588,9.104,12.48	Success	6.29	0.613	0.206	0.832	5.364	12.475	11.643	3.981	2.314	41.827	-5.745	-6.916	0.978266	0.309	0.052202	0.0	1.498	3.494	4.401	5.919	0.356	1.349	3.273	4.863	5.662	-0.356	0.149	0.221	-0.462	0.257	One phenotype	WT	WT	small colonies
SPBC106.19	ppr10	viable	V	0.0,2.352,5.588,9.104,12.48	Success	2.392	0.401	8.486	8.85	11.487	15.624	6.773	10.682	0.88	3.353	-22.487	-23.659	0.990065	0.058	0.037609	0.0	0.022	0.127	0.294	1.54	0.0	0.0	0.0	0.307	1.539	0.0	0.022	0.127	-0.013	0.001	One phenotype	WT	WT	small colonies
SPBC11C11.02	imp2	viable	V	0.0,2.352,5.588,9.104,12.48	Success	5.26	0.462	4.092	4.787	9.817	17.709	12.922	8.281	1.935	16.765	-17.732	-18.903	0.995757	0.093	0.024869	0.0	-0.061	0.889	2.216	3.686	0.004	0.086	0.785	2.313	3.644	-0.004	-0.147	0.104	-0.097	0.042	One phenotype	WT	WT	small colonies
SPBC11C11.07	rpl1801	viable	V	0.0,2.352,5.588,9.104,12.48	Success	5.292	0.655	0.686	1.179	4.746	10.342	9.163	3.657	1.947	38.292	-15.308	-16.48	0.99616	0.119	0.023815	0.0	1.247	3.025	4.611	4.986	0.172	1.121	3.14	4.51	5.027	-0.172	0.126	-0.115	0.101	-0.041	One phenotype	WT	WT	small colonies
SPBC1539.06	acb1	viable	V	0.0,2.352,5.588,9.104,12.48	Success	3.638	0.356	1.77	2.393	6.903	13.98	11.587	5.526	1.338	19.439	-30.067	-31.239	0.999483	0.027	0.008688	0.0	0.343	1.38	2.446	3.124	0.047	0.355	1.36	2.473	3.109	-0.047	-0.012	0.02	-0.027	0.015		WT	WT	small colonies
SPBC1604.08c	imp1	condition-dependent	V	0.0,2.352,5.588,9.104,12.48	Success	5.18	0.372	1.569	2.418	8.562	18.203	15.785	6.686	1.906	22.468	-11.009	-12.181	0.982491	0.183	0.046477	0.0	0.738	1.458	2.527	3.927	0.129	0.503	1.5	2.777	3.753	-0.129	0.235	-0.042	-0.25	0.174	One phenotype	WT	WT	small colonies
SPBC16D10.06	zrt1	viable	V	0.0,2.352,5.588,9.104,12.48	Success	4.174	0.552	1.893	2.355	5.697	10.94	8.584	4.677	1.535	26.549	-14.613	-15.785	0.993311	0.127	0.03333	0.0	0.509	1.888	3.604	3.819	0.019	0.416	2.03	3.404	3.928	-0.019	0.093	-0.142	0.2	-0.109	One phenotype	WT	WT	small colonies
SPBC1709.05	sks2	viable	V	0.0,2.352,5.588,9.104,12.48	Success	4.092	0.632	1.214	1.61	4.471	8.959	7.349	3.597	1.505	30.935	-8.852	-10.024	0.979854	0.226	0.055342	0.0	0.844	2.455	4.092	3.752	0.044	0.758	2.652	3.706	3.995	-0.044	0.086	-0.197	0.386	-0.243	One phenotype	WT	WT	small colonies
SPBC19C7.02	ubr1	viable	V	0.0,2.352,5.588,9.104,12.48	Success	2.319	0.389	0.192	0.557	3.193	7.33	6.773	2.388	0.853	20.447	-10.972	-12.144	0.95826	0.183	0.073045	0.0	0.859	1.945	1.902	2.508	0.119	0.839	1.837	2.213	2.296	-0.119	0.02	0.108	-0.311	0.212	One phenotype	WT	WT	small colonies
SPBC19G7.07c	ppr3	viable	V	0.0,2.352,5.588,9.104,12.48	Success	3.481	0.583	1.498	1.863	4.499	8.636	6.773	3.694	1.28	26.302	1.479	0.308	0.826992	0.636	0.157387	0.0	0.271	2.814	2.069	4.043	0.016	0.551	2.282	3.197	3.418	-0.016	-0.28	0.532	-1.128	0.625	One phenotype	WT	WT	small colonies
SPBC19G7.10c	pdc2	viable	V	0.0,2.352,5.588,9.104,12.48	Success	4.008	0.395	0.843	1.462	5.939	12.966	11.504	4.572	1.474	24.688	-18.351	-19.523	0.995673	0.088	0.024756	0.0	0.758	1.79	3.033	3.538	0.133	0.654	1.871	2.979	3.554	-0.133	0.104	-0.081	0.054	-0.016	One phenotype	WT	WT	small colonies
SPBC1A4.09	pus7	viable	V	0.0,2.352,5.588,9.104,12.48	Success	4.188	0.548	4.495	4.962	8.338	13.636	8.674	7.307	1.541	16.664	-46.488	-47.659	0.999987	0.005	0.00147	0.0	0.018	0.653	2.472	3.573	0.0	0.012	0.663	2.47	3.573	0.0	0.006	-0.01	0.002	0.0	One phenotype	WT	WT	small colonies
SPBC23E6.08	rgp1	viable	V	0.0,2.352,5.588,9.104,12.48	Success	4.663	0.39	2.904	3.634	8.909	17.187	13.554	7.299	1.715	18.164	-21.874	-23.046	0.997833	0.062	0.017823	0.0	0.127	1.143	2.338	3.455	0.024	0.214	1.066	2.403	3.428	-0.024	-0.087	0.077	-0.065	0.027	One phenotype	WT	WT	small colonies
SPBC25H2.15	tsr401	viable	V	0.0,2.352,5.588,9.104,12.48	Success	8.839	1.198	0.523	0.973	4.232	9.345	8.372	3.237	3.252	68.421	5.198	4.026	0.918815	0.923	0.10048	0.0	2.21	6.245	5.992	9.185	0.327	2.211	5.804	7.877	8.55	-0.327	-0.001	0.441	-1.885	0.635	One phenotype	WT	WT	small colonies
SPBC27.06c	mgr2	viable	V	0.0,2.352,5.588,9.104,12.48	Success	4.388	0.735	1.299	1.663	4.3	8.437	6.773	3.495	1.614	34.014	-28.463	-29.634	0.999664	0.032	0.007361	0.0	0.788	3.025	4.022	4.329	0.032	0.816	2.984	4.06	4.315	-0.032	-0.028	0.041	-0.038	0.014	One phenotype	WT	WT	small colonies
SPBC29A10.01	ccr1	viable	V	0.0,2.352,5.588,9.104,12.48	Success	2.409	0.379	0.748	1.136	3.941	8.342	7.206	3.085	0.886	19.455	-9.328	-10.5	0.948821	0.216	0.082574	0.0	0.57	1.871	1.858	2.615	0.057	0.613	1.71	2.232	2.366	-0.057	-0.043	0.161	-0.374	0.249	One phenotype	WT	WT	small colonies
SPBC29A10.16c	cyb502	viable	V	0.0,2.352,5.588,9.104,12.48	Success	5.934	0.609	3.08	3.675	7.981	14.737	11.061	6.666	2.183	26.217	-26.571	-27.742	0.999595	0.039	0.00788	0.0	0.149	1.578	3.538	4.886	0.01	0.212	1.537	3.575	4.869	-0.01	-0.063	0.041	-0.037	0.017	Multi phenotypes	WT	WT	small colonies
SPBC2F12.04	rpl1701	viable	V	0.0,2.352,5.588,9.104,12.48	Success	5.599	0.717	-0.0	0.477	3.926	9.337	8.861	2.873	2.06	44.772	-3.453	-4.625	0.963266	0.389	0.066671	0.0	1.978	3.88	4.404	5.828	0.369	1.689	3.796	4.995	5.405	-0.369	0.289	0.084	-0.591	0.423	One phenotype	WT	WT	small colonies
SPBC365.13c	hba1	viable	V	0.0,2.352,5.588,9.104,12.48	Success	5.104	0.405	1.537	2.307	7.873	16.608	14.301	6.174	1.878	24.118	-22.1	-23.272	0.99833	0.06	0.015149	0.0	0.556	1.667	2.952	3.974	0.116	0.522	1.641	3.0	3.949	-0.116	0.034	0.026	-0.048	0.025	One phenotype	WT	WT	small colonies
SPBC3B9.13c	rpp102	viable	V	0.0,2.352,5.588,9.104,12.48	Success	3.648	0.457	-0.0	0.487	4.012	9.543	9.055	2.936	1.342	28.844	-2.363	-3.535	0.886338	0.433	0.110507	0.0	1.707	2.309	2.681	3.921	0.241	1.077	2.433	3.228	3.509	-0.241	0.63	-0.124	-0.547	0.412	One phenotype	WT	WT	small colonies
SPBC3F6.03	trr1	viable	V	0.0,2.352,5.588,9.104,12.48	Success	5.469	0.427	0.773	1.555	7.217	16.102	14.547	5.489	2.012	28.625	-11.713	-12.885	0.988553	0.17	0.03926	0.0	1.02	1.883	3.53	4.333	0.222	0.782	2.054	3.436	4.358	-0.222	0.238	-0.171	0.094	-0.025	One phenotype	WT	WT	small colonies
SPBC3H7.07c	ser2	viable	V	0.0,2.352,5.588,9.104,12.48	Success	5.33	0.683	0.616	1.093	4.543	9.955	8.862	3.49	1.961	39.621	-11.175	-12.347	0.991507	0.18	0.035961	0.0	1.369	3.098	4.852	4.992	0.184	1.206	3.293	4.626	5.102	-0.184	0.163	-0.195	0.226	-0.11	One phenotype	WT	WT	small colonies
SPBC405.07	rpl3602	viable	V	0.0,2.352,5.588,9.104,12.48	Success	3.976	0.666	0.49	0.854	3.491	7.628	6.773	2.686	1.463	33.929	-5.864	-7.035	0.961924	0.305	0.072871	0.0	1.15	3.195	4.19	3.441	0.133	1.241	3.045	3.767	3.93	-0.133	-0.091	0.15	0.423	-0.489	One phenotype	WT	WT	small colonies
SPBC409.20c	shr3	viable	V	0.0,2.352,5.588,9.104,12.48	Success	5.288	0.886	3.13	3.494	6.131	10.268	6.773	5.326	1.945	31.572	-13.844	-15.016	0.995751	0.137	0.027893	0.0	0.184	2.079	4.653	4.928	0.0	0.11	2.177	4.422	5.089	0.0	0.074	-0.098	0.231	-0.161	One phenotype	WT	WT	small colonies
SPBC428.02c	eca39	viable	V	0.0,2.352,5.588,9.104,12.48	Success	6.013	1.007	1.649	2.013	4.65	8.787	6.773	3.845	2.212	44.556	-14.842	-16.013	0.997369	0.124	0.021241	0.0	0.652	4.02	5.425	5.857	0.019	0.836	3.826	5.489	5.897	-0.019	-0.184	0.194	-0.064	-0.04	One phenotype	WT	WT	small colonies
SPBC4B4.06	vps25	viable	V	0.0,2.352,5.588,9.104,12.48	Success	4.569	0.765	8.673	9.037	11.674	15.811	6.773	10.869	1.681	5.865	-5.698	-6.87	0.913517	0.31	0.108238	0.0	-0.04	0.693	0.481	2.828	0.0	0.0	0.0	0.489	2.827	0.0	-0.04	0.693	-0.008	0.001	One phenotype	WT	WT	small colonies
SPBC56F2.02	rpl1901	viable	V	0.0,2.352,5.588,9.104,12.48	Success	7.124	0.602	0.002	0.725	5.956	14.164	13.439	4.359	2.621	43.994	-6.249	-7.421	0.982076	0.294	0.047307	0.0	1.872	3.267	4.939	6.21	0.47	1.46	3.351	5.089	6.101	-0.47	0.412	-0.084	-0.15	0.109	One phenotype	WT	WT	small colonies
SPBC56F2.12	ilv5	viable	V	0.0,2.352,5.588,9.104,12.48	Success	6.357	0.88	0.89	1.332	4.522	9.529	8.198	3.548	2.339	47.526	-6.094	-7.265	0.984694	0.298	0.046233	0.0	1.267	4.252	5.11	6.454	0.142	1.325	3.996	5.618	6.14	-0.142	-0.058	0.256	-0.508	0.314	One phenotype	WT	WT	small colonies
SPBC646.09c	int6	viable	V	0.0,2.352,5.588,9.104,12.48	Success	6.081	0.739	7.247	7.75	11.386	17.092	9.342	10.276	2.237	10.7	-1.688	-2.859	0.878503	0.464	0.121483	0.0	0.468	0.954	1.186	3.816	0.0	0.0	0.055	1.395	3.752	0.0	0.468	0.899	-0.209	0.064	One phenotype	WT	WT	small colonies
SPBC646.13	sds23	condition-dependent	V	0.0,2.352,5.588,9.104,12.48	Success	6.187	1.037	0.0	0.364	3.001	7.138	6.773	2.196	2.276	55.658	-7.198	-8.37	0.986723	0.267	0.042017	0.0	2.712	4.878	5.707	6.359	0.408	2.438	4.998	5.927	6.13	-0.408	0.274	-0.12	-0.22	0.229	One phenotype	WT	WT	small colonies
SPBC6B1.04	mde4	viable	V	0.0,2.352,5.588,9.104,12.48	Success	4.473	0.354	2.851	3.622	9.2	17.952	14.33	7.497	1.646	16.816	-26.319	-27.49	0.998924	0.039	0.01242	0.0	0.278	0.936	2.221	3.179	0.03	0.217	0.99	2.205	3.177	-0.03	0.061	-0.054	0.016	0.002	One phenotype	WT	WT	small colonies
SPBC6B1.09c	nbs1	viable	V	0.0,2.352,5.588,9.104,12.48	Success	2.815	0.472	-0.0	0.364	3.001	7.138	6.773	2.196	1.036	25.327	3.971	2.799	0.50983	0.816	0.230415	0.0	2.485	1.569	2.114	3.543	0.186	1.109	2.274	2.697	2.79	-0.186	1.376	-0.705	-0.583	0.753	One phenotype	WT	WT	small colonies
SPBC776.04	sec2302	viable	V	0.0,2.352,5.588,9.104,12.48	Success	6.322	0.518	3.283	4.028	9.415	17.867	13.839	7.77	2.326	22.509	-20.355	-21.526	0.998231	0.072	0.015853	0.0	0.229	1.309	2.88	4.522	0.022	0.223	1.243	3.008	4.455	-0.022	0.006	0.066	-0.128	0.067	One phenotype	WT	WT	small colonies
SPBC800.07c	tsf1	viable	V	0.0,2.352,5.588,9.104,12.48	Success	3.43	0.436	7.62	8.099	11.571	17.019	8.919	10.511	1.262	5.479	-14.021	-15.193	0.967815	0.135	0.064992	0.0	0.232	0.204	0.639	2.078	0.0	0.0	0.014	0.674	2.068	0.0	0.232	0.19	-0.035	0.01	One phenotype	WT	WT	small colonies
SPBC839.05c	rps1701	viable	V	0.0,2.352,5.588,9.104,12.48	Success	5.554	0.364	0.239	1.169	7.901	18.463	17.294	5.846	2.043	27.224	-5.689	-6.86	0.955119	0.311	0.071463	0.0	1.138	2.088	2.713	4.348	0.326	0.861	1.949	3.175	4.088	-0.326	0.277	0.139	-0.462	0.26	One phenotype	WT	WT	small colonies
SPBC8D2.17	gmh4	viable	V	0.0,2.352,5.588,9.104,12.48	Success	2.964	0.478	5.492	5.871	8.61	12.909	7.039	7.774	1.09	10.879	-24.236	-25.408	0.997985	0.049	0.017876	0.0	-0.108	0.207	1.695	2.612	0.0	0.0	0.219	1.696	2.61	0.0	-0.108	-0.012	-0.001	0.002	One phenotype	WT	WT	small colonies
SPBC8D2.18c	sah1	viable	V	0.0,2.352,5.588,9.104,12.48	Success	5.683	0.631	0.317	0.867	4.848	11.095	10.227	3.633	2.091	40.441	-8.096	-9.267	0.984911	0.244	0.044217	0.0	1.42	3.409	4.325	5.524	0.286	1.305	3.264	4.69	5.303	-0.286	0.115	0.145	-0.365	0.221	One phenotype	WT	WT	small colonies
SPBC9B6.07	nop52	viable	V	0.0,2.352,5.588,9.104,12.48	Success	4.639	0.504	-0.0	0.562	4.625	11.001	10.44	3.385	1.707	33.887	-8.459	-9.631	0.978219	0.236	0.051969	0.0	1.425	2.795	3.558	4.532	0.306	1.195	2.754	3.857	4.334	-0.306	0.23	0.041	-0.299	0.198	One phenotype	WT	WT	small colonies
SPBP22H7.08	rps1002	viable	V	0.0,2.352,5.588,9.104,12.48	Success	5.287	0.886	0.604	0.969	3.605	7.742	6.773	2.8	1.945	44.543	2.424	1.253	0.889261	0.699	0.1189	0.0	1.462	4.421	3.655	5.882	0.147	1.551	3.992	4.996	5.223	-0.147	-0.089	0.429	-1.341	0.659	One phenotype	WT	WT	small colonies
SPBP35G2.07	ilv1	viable	V	0.0,2.352,5.588,9.104,12.48	Success	6.832	0.987	0.253	0.675	3.731	8.527	7.851	2.798	2.513	56.264	-7.246	-8.418	0.989063	0.266	0.038183	0.0	2.267	4.894	5.933	6.964	0.339	2.075	4.891	6.281	6.681	-0.339	0.192	0.003	-0.348	0.283	One phenotype	WT	WT	small colonies
SPCC1393.03	rps1501	viable	V	0.0,2.352,5.588,9.104,12.48	Success	3.634	0.609	0.477	0.841	3.478	7.614	6.773	2.673	1.337	31.06	-17.031	-18.203	0.994866	0.1	0.027895	0.0	1.184	2.746	3.583	3.483	0.124	1.142	2.788	3.445	3.592	-0.124	0.042	-0.042	0.138	-0.109	One phenotype	WT	WT	small colonies
SPCC1739.14	npp106	viable	V	0.0,2.352,5.588,9.104,12.48	Success	4.193	0.451	1.762	2.33	6.439	12.887	10.557	5.185	1.542	23.931	-26.984	-28.155	0.999346	0.037	0.009852	0.0	0.404	1.761	3.002	3.75	0.044	0.426	1.724	3.05	3.724	-0.044	-0.022	0.037	-0.048	0.026	One phenotype	WT	WT	small colonies
SPCC1795.03	gms1	viable	V	0.0,2.352,5.588,9.104,12.48	Success	4.618	0.762	4.386	4.756	7.433	11.634	6.878	6.616	1.699	21.866	-32.048	-33.22	0.999841	0.022	0.005183	0.0	0.054	0.937	3.333	4.295	0.0	0.005	0.946	3.328	4.297	0.0	0.049	-0.009	0.005	-0.002	One phenotype	WT	WT	small colonies
SPCC1919.10c	myo52	condition-dependent	V	0.0,2.352,5.588,9.104,12.48	Success	7.069	0.562	1.938	2.705	8.259	16.973	14.267	6.563	2.601	31.349	-20.119	-21.291	0.998672	0.073	0.013622	0.0	0.578	2.132	3.885	5.388	0.113	0.589	2.056	3.968	5.352	-0.113	-0.011	0.076	-0.083	0.036	Multi phenotypes	WT	WT	small colonies
SPCC24B10.06	SPCC24B10.06	viable	V	0.0,2.352,5.588,9.104,12.48	Success	6.728	0.524	2.646	3.43	9.098	17.992	14.563	7.367	2.475	25.923	-17.071	-18.243	0.99697	0.1	0.020341	0.0	0.454	1.607	3.199	4.894	0.058	0.373	1.566	3.367	4.795	-0.058	0.081	0.041	-0.168	0.099	One phenotype	WT	WT	small colonies
SPCC24B10.12	cgi121	viable	V	0.0,2.352,5.588,9.104,12.48	Success	3.54	0.388	0.685	1.242	5.272	11.597	10.354	4.042	1.302	23.852	-15.549	-16.721	0.991138	0.116	0.03612	0.0	0.796	1.752	2.966	3.209	0.126	0.677	1.884	2.837	3.265	-0.126	0.119	-0.132	0.129	-0.056	One phenotype	WT	WT	small colonies
SPCC285.15c	rps2802	viable	V	0.0,2.352,5.588,9.104,12.48	Success	3.654	0.612	0.683	1.047	3.684	7.821	6.773	2.879	1.344	30.506	-2.536	-3.708	0.919833	0.426	0.115036	0.0	0.701	3.425	2.895	3.702	0.089	1.025	2.731	3.445	3.608	-0.089	-0.324	0.694	-0.55	0.094	One phenotype	WT	WT	small colonies
SPCC31H12.08c	ccr4	viable	V	0.0,2.352,5.588,9.104,12.48	Success	2.81	0.351	0.429	0.917	4.453	10.002	9.085	3.374	1.034	21.093	-5.311	-6.482	0.906557	0.323	0.109422	0.0	0.877	1.395	2.949	2.409	0.121	0.683	1.754	2.436	2.685	-0.121	0.194	-0.359	0.513	-0.276	One phenotype	WT	WT	small colonies
SPCC4G3.05c	mus81	viable	V	0.0,2.352,5.588,9.104,12.48	Success	4.943	0.376	2.339	3.142	8.945	18.052	14.911	7.173	1.818	19.735	-15.907	-17.079	0.992803	0.112	0.031066	0.0	0.528	1.12	2.475	3.6	0.06	0.329	1.233	2.527	3.541	-0.06	0.199	-0.113	-0.052	0.059	One phenotype	WT	WT	small colonies
SPCC970.05	rpl3601	viable	V	0.0,2.352,5.588,9.104,12.48	Success	6.503	0.488	-0.0	0.813	6.696	15.928	15.114	4.9	2.392	36.738	-5.135	-6.307	0.96848	0.328	0.060874	0.0	1.705	2.769	3.958	5.395	0.429	1.209	2.727	4.255	5.255	-0.429	0.496	0.042	-0.297	0.14	One phenotype	WT	WT	small colonies
SPCP1E11.05c	are2	viable	V	0.0,2.352,5.588,9.104,12.48	Success	3.653	0.539	7.654	8.068	11.06	15.754	7.686	10.146	1.344	6.518	-37.237	-38.408	0.999811	0.013	0.005315	0.0	-0.022	-0.011	0.792	2.471	0.0	0.0	0.007	0.799	2.468	0.0	-0.022	-0.018	-0.007	0.003	One phenotype	WT	WT	small colonies
SPCP31B10.07	eft202	viable	V	0.0,2.352,5.588,9.104,12.48	Success	3.868	0.643	0.453	0.82	3.477	7.647	6.827	2.666	1.423	33.048	-9.211	-10.383	0.978629	0.218	0.053311	0.0	1.254	3.052	3.296	4.098	0.138	1.222	2.961	3.663	3.823	-0.138	0.032	0.091	-0.367	0.275	One phenotype	WT	WT	small colonies
SPAC328.02	dbl4	viable	V	0.0,2.352,5.588,9.104,12.48	Success	5.744	0.477	1.001	1.735	7.05	15.391	13.655	5.428	2.113	30.548	-8.425	-9.597	0.98194	0.236	0.04879	0.0	0.707	2.49	3.363	4.844	0.19	0.775	2.189	3.714	4.687	-0.19	-0.068	0.301	-0.351	0.157	One phenotype	WT	WT	very small colonies
SPAC4C5.04	rad31	viable	V	0.0,2.352,5.588,9.104,12.48	Success	4.134	0.52	4.783	5.269	8.781	14.292	9.023	7.708	1.521	15.001	-27.829	-29.001	0.999363	0.034	0.009988	0.0	0.082	0.508	2.227	3.399	0.0	0.008	0.525	2.222	3.399	0.0	0.074	-0.017	0.005	0.0	One phenotype	WT	WT	very small colonies
SPAPB2B4.02	grx5	condition-dependent	V	0.0,2.352,5.588,9.104,12.48	Success	3.486	0.479	8.198	8.643	11.859	16.905	8.263	10.877	1.283	4.704	-18.292	-19.464	0.986182	0.088	0.043703	0.0	0.086	0.179	0.485	2.016	0.0	0.0	0.003	0.502	2.012	0.0	0.086	0.176	-0.017	0.004	One phenotype	WT	WT	very small colonies
SPBC16D10.03	kae1	viable	V	0.0,2.352,5.588,9.104,12.48	Success	6.231	0.641	0.339	0.933	5.224	11.958	11.025	3.914	2.292	42.205	-6.533	-7.705	0.981942	0.286	0.048114	0.0	1.428	3.546	4.492	5.935	0.314	1.325	3.332	4.93	5.688	-0.314	0.103	0.214	-0.438	0.247	One phenotype	WT	WT	very small colonies
SPBC1778.01c	zuo1	viable	V	0.0,2.352,5.588,9.104,12.48	Success	6.814	0.563	3.384	4.123	9.465	17.848	13.725	7.834	2.507	23.948	-5.75	-6.922	0.970801	0.309	0.060802	0.0	0.581	1.42	2.713	5.079	0.02	0.221	1.3	3.213	4.792	-0.02	0.36	0.12	-0.5	0.287	One phenotype	WT	WT	very small colonies
SPBC18H10.20c	any1	viable	V	0.0,2.352,5.588,9.104,12.48	Success	5.041	0.495	-0.0	0.622	5.122	12.182	11.56	3.748	1.854	34.551	-9.203	-10.374	0.982674	0.219	0.046891	0.0	1.498	2.642	3.86	4.663	0.333	1.181	2.733	3.967	4.573	-0.333	0.317	-0.091	-0.107	0.09	One phenotype	WT	WT	very small colonies
SPBC27B12.08	sip1	viable	V	0.0,2.352,5.588,9.104,12.48	Success	6.436	0.54	-0.0	0.728	5.997	14.264	13.536	4.388	2.368	39.545	-5.652	-6.824	0.974587	0.312	0.055878	0.0	1.827	2.877	4.448	5.581	0.425	1.312	3.008	4.575	5.495	-0.425	0.515	-0.131	-0.127	0.086	One phenotype	WT	WT	very small colonies
SPBC336.01	fbh1	viable	V	0.0,2.352,5.588,9.104,12.48	Success	7.418	0.642	2.017	2.722	7.824	15.83	13.107	6.267	2.729	34.72	-12.941	-14.113	0.99553	0.15	0.025219	0.0	0.473	2.501	4.245	5.966	0.094	0.601	2.295	4.441	5.883	-0.094	-0.128	0.206	-0.196	0.083	One phenotype	WT	WT	very small colonies
SPBC3F6.05	rga1	viable	V	0.0,2.352,5.588,9.104,12.48	Success	6.034	0.573	2.466	3.109	7.763	15.066	11.957	6.342	2.22	28.075	-18.805	-19.977	0.998031	0.084	0.017166	0.0	0.47	1.678	3.79	4.876	0.036	0.367	1.791	3.695	4.914	-0.036	0.103	-0.113	0.095	-0.038	One phenotype	WT	WT	very small colonies
SPBC577.04	tho5	viable	V	0.0,2.352,5.588,9.104,12.48	Success	4.399	0.737	5.348	5.713	8.349	12.486	6.773	7.544	1.618	17.129	-26.437	-27.608	0.999421	0.039	0.009919	0.0	0.042	0.326	2.734	3.934	0.0	0.0	0.384	2.691	3.958	0.0	0.042	-0.058	0.043	-0.024	One phenotype	WT	WT	very small colonies
SPBC685.07c	rpl2701	viable	V	0.0,2.352,5.588,9.104,12.48	Success	6.185	1.036	-0.0	0.364	3.001	7.138	6.773	2.196	2.275	55.634	-1.302	-2.473	0.957354	0.482	0.07372	0.0	2.691	5.351	5.126	6.536	0.408	2.437	4.996	5.924	6.128	-0.408	0.254	0.355	-0.798	0.408	One phenotype	WT	WT	very small colonies
SPBC776.03	hom6	viable	V	0.0,2.352,5.588,9.104,12.48	Success	6.498	1.089	0.662	1.026	3.663	7.799	6.773	2.858	2.39	54.387	-11.525	-12.696	0.995275	0.173	0.026583	0.0	1.793	5.08	5.875	6.521	0.165	1.845	4.87	6.131	6.417	-0.165	-0.052	0.21	-0.256	0.104	One phenotype	WT	WT	very small colonies
SPCC13B11.01	adh1	viable	V	0.0,2.352,5.588,9.104,12.48	Success	5.915	0.777	0.044	0.508	3.869	9.142	8.634	2.843	2.176	47.677	-8.369	-9.541	0.987655	0.238	0.040467	0.0	2.092	3.926	5.193	5.873	0.374	1.796	4.065	5.316	5.729	-0.374	0.296	-0.139	-0.123	0.144	One phenotype	WT	WT	very small colonies
SPCC16C4.12	naa20	viable	V	0.0,2.352,5.588,9.104,12.48	Success	5.742	0.962	6.576	6.941	9.577	13.714	6.773	8.772	2.112	16.236	-12.2	-13.371	0.993204	0.162	0.031567	0.0	-0.361	0.05	2.432	4.772	0.0	0.0	0.081	2.43	4.773	0.0	-0.361	-0.031	0.002	-0.001	One phenotype	WT	WT	very small colonies
SPCC320.04c	gem1	viable	V	0.0,2.352,5.588,9.104,12.48	Success	5.544	0.789	2.975	3.404	6.507	11.376	7.972	5.56	2.04	31.065	-32.76	-33.932	0.999903	0.021	0.003996	0.0	0.138	2.078	4.281	5.188	0.001	0.174	2.062	4.302	5.176	-0.001	-0.036	0.016	-0.021	0.012	One phenotype	WT	WT	very small colonies
SPCC338.07c	naa15	viable	V	0.0,2.352,5.588,9.104,12.48	Success	5.216	0.52	5.458	6.07	10.496	17.442	11.372	9.145	1.919	13.355	-9.698	-10.87	0.974785	0.208	0.057802	0.0	0.256	0.636	1.624	3.6	0.0	0.009	0.378	1.897	3.48	0.0	0.247	0.258	-0.273	0.12	One phenotype	WT	WT	very small colonies
SPCC553.08c	ria1	viable	V	0.0,2.352,5.588,9.104,12.48	Success	6.797	0.591	-0.0	0.702	5.781	13.752	13.049	4.231	2.5	42.881	4.167	2.995	0.829725	0.833	0.138801	0.0	3.203	3.021	4.764	5.998	0.448	1.43	3.29	4.955	5.895	-0.448	1.773	-0.269	-0.191	0.103	One phenotype	WT	WT	very small colonies
SPCC613.07	bcd1	viable	V	0.0,2.352,5.588,9.104,12.48	Success	4.164	0.416	4.56	5.172	9.594	16.534	11.362	8.244	1.532	13.283	-14.513	-15.685	0.987589	0.129	0.042558	0.0	0.298	0.44	1.929	3.021	0.0	0.029	0.533	1.886	3.034	0.0	0.269	-0.093	0.043	-0.013	One phenotype	WT	WT	very small colonies
SPAC11E3.08c	nse6	viable	V	0.0,2.352,5.588,9.104,12.48	Success	2.847	0.382	5.203	5.658	8.95	14.117	8.459	7.945	1.047	9.828	-25.68	-26.851	0.997941	0.042	0.017895	0.0	0.094	0.252	1.479	2.352	0.0	0.001	0.268	1.478	2.351	0.0	0.093	-0.016	0.001	0.001	One phenotype	WT	WT	E
SPAC1296.06	tah18	viable	V	0.0,2.352,5.588,9.104,12.48	Success	6.562	0.706	1.602	2.17	6.275	12.718	10.549	5.022	2.414	38.393	-20.239	-21.411	0.998975	0.073	0.012267	0.0	0.712	2.887	4.746	5.912	0.085	0.74	2.812	4.846	5.861	-0.085	-0.028	0.075	-0.1	0.051	One phenotype	WT	WT	E
SPAC13C5.01c	pre9	viable	V	0.0,2.352,5.588,9.104,12.48	Success	6.149	1.03	0.044	0.408	3.045	7.182	6.773	2.24	2.262	55.065	-8.675	-9.847	0.990011	0.23	0.037442	0.0	2.648	4.745	5.903	6.156	0.384	2.378	4.946	5.885	6.091	-0.384	0.27	-0.201	0.018	0.065	One phenotype	WT	WT	E
SPAC13C5.05c	SPAC13C5.05c	viable	V	0.0,2.352,5.588,9.104,12.48	Success	5.797	0.857	2.265	2.678	5.664	10.349	7.671	4.752	2.133	37.113	-15.578	-16.75	0.997403	0.116	0.020459	0.0	0.315	2.952	4.695	5.649	0.007	0.42	2.837	4.872	5.544	-0.007	-0.105	0.115	-0.177	0.105	One phenotype	WT	WT	E
SPAC144.13c	srw1	viable	V	0.0,2.352,5.588,9.104,12.48	Success	2.98	0.499	-0.0	0.364	3.001	7.138	6.773	2.196	1.096	26.811	-7.981	-9.152	0.945727	0.247	0.085374	0.0	1.639	2.422	2.894	2.732	0.197	1.174	2.408	2.855	2.953	-0.197	0.465	0.014	0.039	-0.221	One phenotype	WT	WT	E
SPAC15E1.04	hal3	viable	V	0.0,2.352,5.588,9.104,12.48	Success	5.717	0.958	0.647	1.011	3.647	7.784	6.773	2.843	2.103	47.935	-6.376	-7.548	0.983172	0.29	0.049385	0.0	1.534	4.631	4.925	5.874	0.149	1.637	4.293	5.396	5.647	-0.149	-0.103	0.338	-0.471	0.227	One phenotype	WT	WT	E
SPAC1805.06c	hem2	viable	V	0.0,2.352,5.588,9.104,12.48	Success	5.811	0.837	1.587	2.011	5.078	9.89	7.879	4.141	2.138	40.432	-12.1	-13.272	0.994694	0.164	0.028431	0.0	0.688	3.452	4.764	5.756	0.037	0.775	3.294	5.035	5.593	-0.037	-0.087	0.158	-0.271	0.163	One phenotype	WT	WT	E
SPAC1805.13	rpl14	viable	V	0.0,2.352,5.588,9.104,12.48	Success	6.374	1.068	-0.0	0.364	3.001	7.138	6.773	2.196	2.345	57.34	13.139	11.967	0.320961	2.042	0.298839	0.0	6.833	6.167	5.166	6.039	0.421	2.511	5.149	6.106	6.316	-0.421	4.322	1.018	-0.94	-0.277	One phenotype	WT	WT	E
SPAC1B2.03c	elo2	condition-dependent	V	0.0,2.352,5.588,9.104,12.48	Success	7.217	0.675	0.113	0.766	5.485	12.89	12.124	4.044	2.655	47.249	-7.144	-8.316	0.986795	0.269	0.041138	0.0	1.909	3.597	5.332	6.53	0.44	1.55	3.674	5.476	6.42	-0.44	0.359	-0.077	-0.144	0.11	One phenotype	WT	WT	E
SPAC1F7.01c	spt6	viable	V	0.0,2.352,5.588,9.104,12.48	Success	5.719	0.544	0.795	1.437	6.084	13.375	11.937	4.665	2.104	34.575	-16.181	-17.353	0.996603	0.109	0.021577	0.0	1.048	2.584	4.116	5.043	0.203	0.929	2.601	4.163	5.008	-0.203	0.119	-0.017	-0.047	0.035	One phenotype	WT	WT	E
SPAC1F7.04	rho1	condition-dependent	V	0.0,2.352,5.588,9.104,12.48	Success	7.051	1.181	0.235	0.6	3.236	7.373	6.773	2.431	2.594	61.877	1.28	0.108	0.949146	0.624	0.087077	0.0	2.243	6.533	5.837	7.163	0.342	2.5	5.56	6.721	6.979	-0.342	-0.257	0.973	-0.884	0.184	One phenotype	WT	WT	E
SPAC20G8.09c	nat10	condition-dependent	V	0.0,2.352,5.588,9.104,12.48	Success	6.004	1.006	0.257	0.621	3.258	7.395	6.773	2.453	2.209	52.568	-11.598	-12.77	0.994276	0.172	0.028994	0.0	2.288	4.558	5.81	5.935	0.283	2.107	4.723	5.72	5.942	-0.283	0.181	-0.165	0.09	-0.007	One phenotype	WT	WT	E
SPAC22F3.11c	snu23	viable	V	0.0,2.352,5.588,9.104,12.48	Success	6.122	1.026	0.604	0.969	3.605	7.742	6.773	2.8	2.252	51.576	-15.536	-16.708	0.997583	0.116	0.018875	0.0	1.828	4.677	5.63	6.149	0.171	1.796	4.622	5.785	6.048	-0.171	0.032	0.055	-0.155	0.101	One phenotype	WT	WT	E
SPAC22G7.05	kri1	viable	V	0.0,2.352,5.588,9.104,12.48	Success	6.498	0.976	0.493	0.9	3.84	8.454	7.554	2.942	2.391	52.976	-11.103	-12.275	0.994574	0.181	0.027558	0.0	1.918	4.655	5.747	6.561	0.234	1.82	4.628	5.994	6.367	-0.234	0.098	0.027	-0.247	0.194	One phenotype	WT	WT	E
SPAC23A1.15c	sec20	viable	V	0.0,2.352,5.588,9.104,12.48	Success	6.281	1.052	0.191	0.556	3.192	7.329	6.773	2.387	2.311	55.38	-10.375	-11.546	0.993277	0.194	0.031012	0.0	2.491	4.794	6.024	6.271	0.324	2.273	4.976	5.993	6.218	-0.324	0.218	-0.182	0.031	0.053	One phenotype	WT	WT	E
SPAC23G3.10c	ssr3	condition-dependent	V	0.0,2.352,5.588,9.104,12.48	Success	5.413	0.46	3.724	4.442	9.634	17.781	13.34	8.049	1.991	18.174	-29.888	-31.06	0.999638	0.028	0.007262	0.0	0.17	0.924	2.434	3.805	0.009	0.129	0.925	2.473	3.781	-0.009	0.041	-0.001	-0.039	0.024	One phenotype	WT	WT	E
SPAC24B11.13	hem3	viable	V	0.0,2.352,5.588,9.104,12.48	Success	6.514	1.072	1.816	2.187	4.87	9.08	6.893	4.051	2.396	46.835	-6.957	-8.128	0.989142	0.274	0.041056	0.0	0.634	4.169	5.407	6.667	0.014	0.767	3.941	5.869	6.366	-0.014	-0.133	0.228	-0.462	0.301	One phenotype	WT	WT	E
SPAC25B8.15c	tyw3	viable	V	0.0,2.352,5.588,9.104,12.48	Success	3.604	0.604	4.855	5.219	7.856	11.993	6.773	7.051	1.326	15.65	-9.88	-11.052	0.976069	0.204	0.063654	0.0	0.388	0.373	2.602	3.21	0.0	0.001	0.514	2.433	3.312	0.0	0.387	-0.141	0.169	-0.102	One phenotype	WT	WT	E
SPAC25G10.09c	pan1	viable	V	0.0,2.352,5.588,9.104,12.48	Success	5.95	0.954	0.38	0.76	3.514	7.834	7.073	2.673	2.189	50.524	-13.814	-14.986	0.99626	0.138	0.023187	0.0	2.025	4.399	5.557	5.946	0.241	1.883	4.494	5.6	5.868	-0.241	0.142	-0.095	-0.043	0.078	One phenotype	WT	WT	E
SPAC30C2.06c	dml1	viable	V	0.0,2.352,5.588,9.104,12.48	Success	5.823	0.976	0.787	1.152	3.788	7.925	6.773	2.983	2.142	48.032	-5.813	-6.985	0.982246	0.307	0.053064	0.0	1.325	4.604	5.783	5.278	0.119	1.535	4.291	5.475	5.747	-0.119	-0.21	0.313	0.308	-0.469	One phenotype	WT	WT	E
SPAC31A2.13c	sft1	viable	V	0.0,2.352,5.588,9.104,12.48	Success	6.529	0.905	0.557	0.997	4.184	9.184	8.186	3.211	2.402	50.892	-14.853	-16.025	0.99738	0.124	0.019417	0.0	1.759	4.296	5.792	6.4	0.228	1.639	4.34	5.857	6.333	-0.228	0.12	-0.044	-0.065	0.067		WT	WT	E
SPAC57A7.04c	pabp	viable	V	0.0,2.352,5.588,9.104,12.48	Success	5.818	0.975	0.074	0.439	3.075	7.212	6.773	2.27	2.14	51.932	-9.725	-10.897	0.990979	0.208	0.035689	0.0	2.46	4.486	5.586	5.815	0.35	2.22	4.665	5.564	5.762	-0.35	0.24	-0.179	0.022	0.053	One phenotype	WT	WT	E
SPAC589.12	cwh43	viable	V	0.0,2.352,5.588,9.104,12.48	Success	7.703	0.621	2.274	3.031	8.509	17.105	14.073	6.837	2.834	32.615	-5.512	-6.684	0.979938	0.316	0.053512	0.0	0.19	2.523	3.809	5.91	0.088	0.532	2.068	4.192	5.762	-0.088	-0.342	0.455	-0.383	0.148	One phenotype	WT	WT	E
SPAC5D6.06c	alg14	viable	V	0.0,2.352,5.588,9.104,12.48	Success	6.192	1.037	0.402	0.766	3.402	7.539	6.773	2.598	2.278	53.364	-9.532	-10.704	0.992029	0.212	0.034217	0.0	2.124	4.688	6.183	5.889	0.237	2.024	4.792	5.88	6.123	-0.237	0.1	-0.104	0.303	-0.234	One phenotype	WT	WT	E
SPAC6F6.03c	nog2	viable	V	0.0,2.352,5.588,9.104,12.48	Success	6.638	1.112	-0.0	0.364	3.001	7.138	6.773	2.196	2.442	59.716	-6.026	-7.198	0.984994	0.3	0.045787	0.0	2.991	5.565	6.081	6.561	0.438	2.615	5.363	6.359	6.577	-0.438	0.376	0.202	-0.278	-0.016	One phenotype	WT	WT	E
SPAC9.13c	cwf16	viable	V	0.0,2.352,5.588,9.104,12.48	Success	5.809	0.973	0.033	0.397	3.034	7.171	6.773	2.229	2.137	52.079	-8.507	-9.679	0.988426	0.234	0.04093	0.0	2.521	4.453	5.696	5.727	0.368	2.257	4.678	5.561	5.755	-0.368	0.264	-0.225	0.135	-0.028	One phenotype	WT	WT	E
SPAPB1E7.09	ogm2	condition-dependent	V	0.0,2.352,5.588,9.104,12.48	Success	5.892	0.987	0.379	0.744	3.38	7.517	6.773	2.575	2.167	50.903	0.207	-0.964	0.943166	0.56	0.097938	0.0	1.566	5.592	5.034	5.721	0.233	1.948	4.572	5.598	5.827	-0.233	-0.382	1.02	-0.564	-0.106	One phenotype	WT	WT	E
SPBC106.10	pka1	viable	V	0.0,2.352,5.588,9.104,12.48	Success	2.855	0.478	0.651	1.015	3.651	7.788	6.773	2.847	1.05	23.923	-9.946	-11.118	0.968077	0.203	0.071906	0.0	0.654	2.491	2.464	2.823	0.074	0.816	2.142	2.694	2.819	-0.074	-0.162	0.349	-0.23	0.004	One phenotype	WT	WT	E
SPBC106.16	pre6	viable	V	0.0,2.352,5.588,9.104,12.48	Success	5.799	0.972	0.032	0.396	3.033	7.17	6.773	2.228	2.134	51.998	1.081	-0.091	0.92774	0.611	0.102867	0.0	2.081	5.601	4.658	5.944	0.368	2.254	4.67	5.552	5.745	-0.368	-0.173	0.931	-0.894	0.199	One phenotype	WT	WT	E
SPBC1289.08	uap1	viable	V	0.0,2.352,5.588,9.104,12.48	Success	6.166	0.878	1.074	1.502	4.604	9.47	7.967	3.657	2.268	45.677	-17.44	-18.611	0.998324	0.096	0.015825	0.0	1.172	3.907	5.312	6.063	0.1	1.176	3.84	5.461	5.967	-0.1	-0.004	0.067	-0.149	0.096	One phenotype	WT	WT	E
SPBC13A2.02	nup82	condition-dependent	V	0.0,2.352,5.588,9.104,12.48	Success	6.069	1.017	-0.0	0.364	3.001	7.138	6.773	2.196	2.233	54.593	-4.351	-5.522	0.975073	0.355	0.058556	0.0	2.704	5.282	5.338	6.066	0.4	2.391	4.903	5.813	6.013	-0.4	0.313	0.379	-0.475	0.053	One phenotype	WT	WT	E
SPBC13G1.13	tfb2	viable	V	0.0,2.352,5.588,9.104,12.48	Success	6.415	0.85	1.442	1.903	5.234	10.463	8.56	4.217	2.36	43.593	-18.914	-20.086	0.998815	0.083	0.013412	0.0	0.873	3.563	5.272	6.173	0.066	0.905	3.485	5.402	6.097	-0.066	-0.032	0.078	-0.13	0.076	One phenotype	WT	WT	E
SPBC14C8.16c	bot1	condition-dependent	V	0.0,2.352,5.588,9.104,12.48	Success	4.476	0.413	1.978	2.64	7.43	14.945	12.305	5.968	1.647	22.13	-20.925	-22.096	0.997708	0.068	0.018198	0.0	0.317	1.576	2.75	3.721	0.052	0.377	1.49	2.838	3.681	-0.052	-0.06	0.086	-0.088	0.04	One phenotype	WT	WT	E
SPBC16G5.15c	fkh2	viable	V	0.0,2.352,5.588,9.104,12.48	Success	4.768	0.455	2.001	2.641	7.271	14.536	11.895	5.858	1.754	24.085	-31.692	-32.863	0.999772	0.023	0.005788	0.0	0.41	1.623	3.1	3.986	0.05	0.399	1.631	3.099	3.984	-0.05	0.011	-0.008	0.001	0.002	One phenotype	WT	WT	E
SPBC16H5.03c	uba2	viable	V	0.0,2.352,5.588,9.104,12.48	Success	6.065	0.532	4.072	4.768	9.807	17.713	12.945	8.268	2.231	19.39	-12.575	-13.746	0.990973	0.156	0.036002	0.0	-0.019	1.107	2.434	4.316	0.005	0.101	0.913	2.673	4.204	-0.005	-0.12	0.194	-0.239	0.112	Multi phenotypes	WT	WT	E
SPBC1778.05c	lam2	viable	V	0.0,2.352,5.588,9.104,12.48	Success	6.236	0.943	0.483	0.886	3.807	8.391	7.504	2.915	2.294	51.052	-6.709	-7.881	0.985871	0.281	0.045407	0.0	1.96	4.183	6.179	5.886	0.227	1.768	4.468	5.765	6.115	-0.227	0.192	-0.285	0.414	-0.229	One phenotype	WT	WT	E
SPBC17A3.09c	aim22	viable	V	0.0,2.352,5.588,9.104,12.48	Success	4.362	0.545	7.475	7.964	11.499	17.047	9.083	10.42	1.605	7.24	-14.46	-15.631	0.983432	0.129	0.048122	0.0	-0.016	0.308	0.859	2.67	0.0	0.0	0.025	0.914	2.654	0.0	-0.016	0.283	-0.055	0.016	One phenotype	WT	WT	E
SPBC17G9.09	tif213	viable	V	0.0,2.352,5.588,9.104,12.48	Success	7.371	1.235	-0.0	0.364	3.001	7.138	6.773	2.196	2.712	66.304	1.715	0.543	0.939414	0.651	0.090912	0.0	4.214	5.598	7.166	7.126	0.486	2.904	5.954	7.06	7.303	-0.486	1.31	-0.356	0.106	-0.177	One phenotype	WT	WT	E
SPBC1815.01	eno101	viable	V	0.0,2.352,5.588,9.104,12.48	Success	6.602	1.106	-0.0	0.364	3.001	7.138	6.773	2.196	2.429	59.385	-7.583	-8.755	0.989011	0.257	0.039275	0.0	2.911	5.432	6.137	6.546	0.436	2.601	5.333	6.323	6.541	-0.436	0.31	0.099	-0.186	0.005	One phenotype	WT	WT	E
SPBC19C2.02	pmt1	viable	V	0.0,2.352,5.588,9.104,12.48	Success	2.485	0.416	9.141	9.506	12.142	16.279	6.773	11.337	0.914	2.509	-10.927	-12.098	0.875462	0.184	0.131166	0.0	0.41	-0.029	0.137	1.374	0.0	0.0	0.0	0.157	1.372	0.0	0.41	-0.029	-0.02	0.002	One phenotype	WT	WT	E
SPBC21D10.11c	nfs1	viable	V	0.0,2.352,5.588,9.104,12.48	Success	5.897	0.915	0.68	1.074	3.919	8.384	7.311	3.051	2.169	47.716	-19.2	-20.371	0.998722	0.08	0.013837	0.0	1.61	4.144	5.444	5.815	0.158	1.54	4.186	5.456	5.788	-0.158	0.07	-0.042	-0.012	0.027	One phenotype	WT	WT	E
SPBC23G7.12c	rpt6	condition-dependent	V	0.0,2.352,5.588,9.104,12.48	Success	5.529	0.926	3.693	4.058	6.694	10.831	6.773	5.889	2.034	30.029	-1.664	-2.836	0.95157	0.465	0.093119	0.0	0.711	1.439	4.99	4.859	0.0	0.037	1.756	4.387	5.261	0.0	0.674	-0.317	0.603	-0.402	One phenotype	WT	WT	E
SPBC2A9.06c	nus1	condition-dependent	V	0.0,2.352,5.588,9.104,12.48	Success	6.131	1.027	1.376	1.74	4.376	8.513	6.773	3.571	2.255	47.063	-8.007	-9.179	0.990089	0.246	0.040885	0.0	0.78	4.513	5.42	6.027	0.038	1.073	4.113	5.657	6.026	-0.038	-0.293	0.4	-0.237	0.001	One phenotype	WT	WT	E
SPBC2D10.10c	fib1	viable	V	0.0,2.352,5.588,9.104,12.48	Success	6.436	1.078	0.208	0.573	3.209	7.346	6.773	2.404	2.368	56.647	-2.262	-3.434	0.969051	0.438	0.067306	0.0	2.18	5.75	5.52	6.503	0.324	2.311	5.09	6.139	6.371	-0.324	-0.131	0.66	-0.619	0.132	One phenotype	WT	WT	E
SPBC32F12.01c	css1	condition-dependent	V	0.0,2.352,5.588,9.104,12.48	Success	6.081	1.019	0.115	0.48	3.116	7.253	6.773	2.311	2.237	54.054	-6.983	-8.154	0.986009	0.273	0.044341	0.0	2.328	5.149	5.429	6.157	0.347	2.279	4.857	5.812	6.022	-0.347	0.049	0.292	-0.383	0.135	One phenotype	WT	WT	E
SPBC337.10c	dre2	viable	V	0.0,2.352,5.588,9.104,12.48	Success	6.502	1.089	-0.0	0.364	3.001	7.138	6.773	2.196	2.392	58.49	0.812	-0.36	0.937194	0.595	0.08748	0.0	3.574	4.641	5.988	6.804	0.429	2.562	5.253	6.228	6.442	-0.429	1.012	-0.612	-0.24	0.362	One phenotype	WT	WT	E
SPBC36.07	elp1	viable	V	0.0,2.352,5.588,9.104,12.48	Success	4.59	0.448	1.041	1.667	6.193	13.295	11.629	4.811	1.689	27.294	-15.198	-16.369	0.99381	0.12	0.029162	0.0	0.657	2.161	3.155	4.117	0.128	0.673	2.034	3.332	4.027	-0.128	-0.016	0.127	-0.177	0.09	One phenotype	WT	WT	E
SPBC36B7.03	sec63	viable	V	0.0,2.352,5.588,9.104,12.48	Success	6.612	0.936	0.153	0.584	3.703	8.597	8.013	2.751	2.432	54.553	-8.778	-9.95	0.991216	0.228	0.03476	0.0	2.341	4.551	6.014	6.563	0.37	2.06	4.727	6.063	6.457	-0.37	0.281	-0.176	-0.049	0.106	One phenotype	WT	WT	E
SPBC3D6.08c	lsm1	viable	V	0.0,2.352,5.588,9.104,12.48	Success	3.978	0.414	0.682	1.269	5.515	12.178	10.909	4.219	1.463	25.944	-15.843	-17.015	0.99316	0.113	0.030412	0.0	0.761	2.101	2.934	3.701	0.147	0.73	2.017	3.094	3.611	-0.147	0.031	0.084	-0.16	0.09		WT	WT	E
SPBC56F2.04	utp20	viable	V	0.0,2.352,5.588,9.104,12.48	Success	6.231	1.044	-0.0	0.364	3.001	7.138	6.773	2.196	2.292	56.054	-7.716	-8.888	0.988002	0.254	0.040538	0.0	2.804	4.935	5.85	6.258	0.411	2.455	5.034	5.969	6.174	-0.411	0.349	-0.099	-0.119	0.084	One phenotype	WT	WT	E
SPBC577.06c	stt4	condition-dependent	V	0.0,2.352,5.588,9.104,12.48	Success	6.459	1.082	-0.0	0.364	3.001	7.138	6.773	2.196	2.376	58.103	-6.997	-8.169	0.987355	0.273	0.042415	0.0	2.689	5.501	5.89	6.427	0.426	2.545	5.218	6.187	6.4	-0.426	0.144	0.283	-0.297	0.027	One phenotype	WT	WT	E
SPBC947.13	rba50	viable	V	0.0,2.352,5.588,9.104,12.48	Success	7.851	0.782	0.788	1.401	5.833	12.788	11.387	4.48	2.888	49.063	-8.067	-9.239	0.991378	0.245	0.03405	0.0	1.352	3.973	5.531	7.194	0.271	1.324	3.743	5.899	7.001	-0.271	0.028	0.23	-0.368	0.193	One phenotype	WT	WT	E
SPBP8B7.22	erd2	viable	V	0.0,2.352,5.588,9.104,12.48	Success	8.131	0.838	5.778	6.37	10.655	17.379	11.009	9.347	2.991	19.64	-9.903	-11.075	0.99005	0.204	0.037248	0.0	0.204	0.764	2.53	5.473	0.0	0.007	0.462	2.788	5.365	0.0	0.197	0.302	-0.258	0.108	One phenotype	WT	WT	E
SPCC1223.07c	drs1	viable	V	0.0,2.352,5.588,9.104,12.48	Success	6.897	1.155	-0.0	0.364	3.001	7.138	6.773	2.196	2.537	62.042	-1.883	-3.055	0.96687	0.455	0.068859	0.0	3.382	6.01	6.234	6.602	0.455	2.717	5.572	6.606	6.833	-0.455	0.665	0.438	-0.372	-0.231	One phenotype	WT	WT	E
SPCC1235.04c	nad1	viable	V	0.0,2.352,5.588,9.104,12.48	Success	6.001	0.793	1.082	1.544	4.888	10.135	8.591	3.867	2.208	42.725	-21.738	-22.91	0.999219	0.062	0.0108	0.0	1.092	3.523	5.084	5.78	0.109	1.072	3.5	5.152	5.735	-0.109	0.02	0.023	-0.068	0.045	One phenotype	WT	WT	E
SPCC1393.07c	mug4	viable	V	0.0,2.352,5.588,9.104,12.48	Success	2.224	0.373	9.511	9.875	12.512	16.648	6.773	11.707	0.818	1.815	-21.365	-22.537	0.979275	0.065	0.05543	0.0	0.026	-0.014	-0.057	1.112	0.0	0.0	0.0	0.084	1.101	0.0	0.026	-0.014	-0.141	0.011	One phenotype	WT	WT	E
SPCC1682.16	rpt4	viable	V	0.0,2.352,5.588,9.104,12.48	Success	6.31	1.057	-0.0	0.364	3.001	7.138	6.773	2.196	2.321	56.762	2.964	1.792	0.894603	0.738	0.11042	0.0	3.874	4.829	5.44	6.685	0.416	2.486	5.097	6.044	6.252	-0.416	1.388	-0.268	-0.604	0.433	One phenotype	WT	WT	E
SPCC16C4.14c	sfc4	viable	V	0.0,2.352,5.588,9.104,12.48	Success	7.345	0.702	2.824	3.463	8.087	15.343	11.88	6.676	2.702	32.228	-16.865	-18.036	0.998045	0.102	0.017132	0.0	0.198	2.079	4.204	5.932	0.026	0.34	1.95	4.313	5.886	-0.026	-0.142	0.129	-0.109	0.046	One phenotype	WT	WT	E
SPCC1840.02c	bgs4	condition-dependent	V	0.0,2.352,5.588,9.104,12.48	Success	6.841	1.146	-0.0	0.364	3.001	7.138	6.773	2.196	2.517	61.54	0.282	-0.89	0.947224	0.564	0.085515	0.0	3.534	6.076	5.959	6.601	0.451	2.695	5.527	6.553	6.778	-0.451	0.839	0.549	-0.594	-0.177	One phenotype	WT	WT	E
SPCC191.02c	acs1	viable	V	0.0,2.352,5.588,9.104,12.48	Success	5.734	0.961	0.327	0.692	3.328	7.465	6.773	2.523	2.109	49.82	-9.299	-10.47	0.990308	0.217	0.037941	0.0	1.899	4.791	5.186	5.708	0.244	1.945	4.476	5.454	5.672	-0.244	-0.046	0.315	-0.268	0.036	One phenotype	WT	WT	E
SPCC1919.09	tif6	viable	V	0.0,2.352,5.588,9.104,12.48	Success	6.241	1.045	0.045	0.409	3.046	7.182	6.773	2.241	2.296	55.879	-4.711	-5.883	0.978996	0.343	0.053021	0.0	2.523	5.277	5.445	6.462	0.389	2.412	5.019	5.972	6.182	-0.389	0.111	0.258	-0.527	0.28	One phenotype	WT	WT	E
SPCC24B10.04	mrpl50	viable	V	0.0,2.352,5.588,9.104,12.48	Success	5.207	0.872	4.235	4.599	7.236	11.373	6.773	6.431	1.916	25.613	-18.78	-19.952	0.998243	0.084	0.017394	0.0	0.144	1.14	3.97	4.824	0.0	0.009	1.2	3.873	4.886	0.0	0.135	-0.06	0.097	-0.062	One phenotype	WT	WT	E
SPCC24B10.22	pog1	viable	V	0.0,2.352,5.588,9.104,12.48	Success	5.764	0.839	8.168	8.588	11.623	16.385	7.797	10.696	2.121	8.267	-28.069	-29.241	0.999398	0.033	0.009416	0.0	0.066	0.036	0.875	3.52	0.0	0.0	0.003	0.882	3.518	0.0	0.066	0.033	-0.007	0.002	One phenotype	WT	WT	E
SPCC285.14	trs130	viable	V	0.0,2.352,5.588,9.104,12.48	Success	7.078	0.825	2.74	3.264	7.054	13.002	9.737	5.897	2.604	36.385	-37.365	-38.537	0.999972	0.013	0.002095	0.0	0.34	2.333	4.944	6.244	0.011	0.327	2.349	4.928	6.251	-0.011	0.013	-0.016	0.016	-0.007	One phenotype	WT	WT	E
SPCC4B3.05c	hem12	viable	V	0.0,2.352,5.588,9.104,12.48	Success	6.052	0.786	1.532	2.002	5.403	10.741	8.739	4.365	2.226	40.151	-17.908	-19.08	0.998337	0.092	0.016227	0.0	0.856	3.062	5.154	5.642	0.057	0.791	3.161	5.016	5.717	-0.057	0.065	-0.099	0.138	-0.075	One phenotype	WT	WT	E
SPCC61.02	spt3	viable	V	0.0,2.352,5.588,9.104,12.48	Success	4.71	0.471	5.472	6.083	10.503	17.439	11.356	9.154	1.733	12.03	-10.622	-11.794	0.974109	0.19	0.058447	0.0	0.26	0.559	1.471	3.246	0.0	0.008	0.338	1.709	3.141	0.0	0.252	0.221	-0.238	0.105	One phenotype	WT	WT	E
SPCC777.07	omh3	viable	V	0.0,2.352,5.588,9.104,12.48	Success	8.172	0.929	6.647	7.184	11.069	17.166	9.982	9.883	3.006	16.604	-28.786	-29.958	0.999768	0.031	0.005908	0.0	0.069	0.184	2.286	5.222	0.0	0.0	0.188	2.29	5.22	0.0	0.069	-0.004	-0.004	0.002	One phenotype	WT	WT	E
